ID,Vehicles
20170701001,71
20170701002,28
20170701003,40
20170701004,8
20170701011,59
20170701012,26
20170701013,25
20170701014,7
20170701021,50
20170701022,23
20170701023,18
20170701024,6
20170701031,41
20170701032,19
20170701033,12
20170701034,5
20170701041,35
20170701042,14
20170701043,9
20170701044,4
20170701051,33
20170701052,13
20170701053,8
20170701054,4
20170701061,36
20170701062,12
20170701063,8
20170701064,4
20170701071,40
20170701072,12
20170701073,11
20170701074,5
20170701081,43
20170701082,13
20170701083,13
20170701084,7
20170701091,48
20170701092,16
20170701093,16
20170701094,9
20170701101,55
20170701102,18
20170701103,20
20170701104,11
20170701111,62
20170701112,19
20170701113,24
20170701114,11
20170701121,60
20170701122,19
20170701123,27
20170701124,15
20170701131,55
20170701132,18
20170701133,26
20170701134,14
20170701141,55
20170701142,17
20170701143,31
20170701144,13
20170701151,55
20170701152,17
20170701153,29
20170701154,13
20170701161,56
20170701162,18
20170701163,27
20170701164,15
20170701171,55
20170701172,19
20170701173,26
20170701174,14
20170701181,59
20170701182,20
20170701183,33
20170701184,14
20170701191,64
20170701192,20
20170701193,36
20170701194,15
20170701201,66
20170701202,21
20170701203,39
20170701204,15
20170701211,65
20170701212,20
20170701213,43
20170701214,15
20170701221,65
20170701222,21
20170701223,38
20170701224,14
20170701231,63
20170701232,21
20170701233,33
20170701234,15
20170702001,57
20170702002,20
20170702003,27
20170702004,11
20170702011,47
20170702012,17
20170702013,17
20170702014,9
20170702021,39
20170702022,17
20170702023,13
20170702024,6
20170702031,35
20170702032,15
20170702033,10
20170702034,6
20170702041,30
20170702042,12
20170702043,8
20170702044,5
20170702051,28
20170702052,12
20170702053,8
20170702054,5
20170702061,29
20170702062,11
20170702063,9
20170702064,5
20170702071,33
20170702072,12
20170702073,11
20170702074,6
20170702081,37
20170702082,13
20170702083,13
20170702084,7
20170702091,43
20170702092,14
20170702093,16
20170702094,9
20170702101,51
20170702102,16
20170702103,19
20170702104,10
20170702111,58
20170702112,17
20170702113,25
20170702114,11
20170702121,61
20170702122,16
20170702123,27
20170702124,13
20170702131,56
20170702132,16
20170702133,26
20170702134,14
20170702141,55
20170702142,16
20170702143,30
20170702144,14
20170702151,54
20170702152,17
20170702153,27
20170702154,14
20170702161,55
20170702162,18
20170702163,26
20170702164,15
20170702171,55
20170702172,18
20170702173,28
20170702174,15
20170702181,62
20170702182,18
20170702183,31
20170702184,15
20170702191,66
20170702192,20
20170702193,29
20170702194,15
20170702201,67
20170702202,21
20170702203,28
20170702204,19
20170702211,66
20170702212,20
20170702213,26
20170702214,16
20170702221,65
20170702222,21
20170702223,25
20170702224,20
20170702231,64
20170702232,21
20170702233,25
20170702234,15
20170703001,60
20170703002,22
20170703003,22
20170703004,10
20170703011,52
20170703012,20
20170703013,16
20170703014,9
20170703021,43
20170703022,18
20170703023,12
20170703024,7
20170703031,38
20170703032,16
20170703033,10
20170703034,6
20170703041,34
20170703042,14
20170703043,8
20170703044,5
20170703051,34
20170703052,14
20170703053,8
20170703054,5
20170703061,41
20170703062,15
20170703063,9
20170703064,5
20170703071,47
20170703072,17
20170703073,11
20170703074,6
20170703081,54
20170703082,18
20170703083,13
20170703084,7
20170703091,65
20170703092,19
20170703093,17
20170703094,10
20170703101,81
20170703102,20
20170703103,25
20170703104,12
20170703111,96
20170703112,24
20170703113,29
20170703114,13
20170703121,100
20170703122,27
20170703123,29
20170703124,17
20170703131,89
20170703132,28
20170703133,26
20170703134,14
20170703141,95
20170703142,31
20170703143,33
20170703144,14
20170703151,93
20170703152,33
20170703153,28
20170703154,14
20170703161,90
20170703162,33
20170703163,26
20170703164,13
20170703171,93
20170703172,34
20170703173,26
20170703174,14
20170703181,102
20170703182,36
20170703183,30
20170703184,13
20170703191,108
20170703192,39
20170703193,26
20170703194,14
20170703201,105
20170703202,40
20170703203,25
20170703204,14
20170703211,100
20170703212,38
20170703213,24
20170703214,14
20170703221,95
20170703222,36
20170703223,24
20170703224,15
20170703231,89
20170703232,35
20170703233,23
20170703234,13
20170704001,90
20170704002,33
20170704003,20
20170704004,10
20170704011,77
20170704012,30
20170704013,15
20170704014,9
20170704021,69
20170704022,26
20170704023,12
20170704024,7
20170704031,54
20170704032,21
20170704033,10
20170704034,6
20170704041,45
20170704042,17
20170704043,9
20170704044,5
20170704051,42
20170704052,16
20170704053,8
20170704054,5
20170704061,47
20170704062,16
20170704063,9
20170704064,5
20170704071,54
20170704072,19
20170704073,11
20170704074,6
20170704081,60
20170704082,20
20170704083,13
20170704084,7
20170704091,72
20170704092,21
20170704093,17
20170704094,9
20170704101,95
20170704102,23
20170704103,24
20170704104,12
20170704111,113
20170704112,28
20170704113,28
20170704114,14
20170704121,112
20170704122,32
20170704123,28
20170704124,16
20170704131,104
20170704132,33
20170704133,26
20170704134,14
20170704141,112
20170704142,38
20170704143,33
20170704144,15
20170704151,110
20170704152,38
20170704153,29
20170704154,16
20170704161,107
20170704162,37
20170704163,26
20170704164,15
20170704171,107
20170704172,37
20170704173,26
20170704174,15
20170704181,110
20170704182,39
20170704183,29
20170704184,15
20170704191,111
20170704192,42
20170704193,27
20170704194,15
20170704201,106
20170704202,41
20170704203,25
20170704204,17
20170704211,101
20170704212,38
20170704213,24
20170704214,14
20170704221,95
20170704222,35
20170704223,25
20170704224,18
20170704231,90
20170704232,35
20170704233,22
20170704234,13
20170705001,88
20170705002,34
20170705003,21
20170705004,11
20170705011,74
20170705012,31
20170705013,15
20170705014,8
20170705021,63
20170705022,25
20170705023,12
20170705024,6
20170705031,54
20170705032,21
20170705033,10
20170705034,6
20170705041,46
20170705042,17
20170705043,8
20170705044,5
20170705051,43
20170705052,17
20170705053,8
20170705054,5
20170705061,48
20170705062,17
20170705063,9
20170705064,5
20170705071,55
20170705072,19
20170705073,10
20170705074,6
20170705081,61
20170705082,20
20170705083,13
20170705084,7
20170705091,71
20170705092,22
20170705093,18
20170705094,9
20170705101,91
20170705102,25
20170705103,25
20170705104,13
20170705111,109
20170705112,31
20170705113,29
20170705114,14
20170705121,112
20170705122,35
20170705123,28
20170705124,15
20170705131,103
20170705132,32
20170705133,27
20170705134,13
20170705141,111
20170705142,38
20170705143,34
20170705144,14
20170705151,110
20170705152,38
20170705153,31
20170705154,14
20170705161,106
20170705162,37
20170705163,28
20170705164,15
20170705171,109
20170705172,37
20170705173,28
20170705174,15
20170705181,112
20170705182,39
20170705183,31
20170705184,14
20170705191,114
20170705192,42
20170705193,28
20170705194,14
20170705201,109
20170705202,41
20170705203,26
20170705204,17
20170705211,101
20170705212,37
20170705213,26
20170705214,16
20170705221,95
20170705222,34
20170705223,25
20170705224,16
20170705231,91
20170705232,34
20170705233,24
20170705234,14
20170706001,84
20170706002,34
20170706003,22
20170706004,10
20170706011,73
20170706012,29
20170706013,15
20170706014,9
20170706021,62
20170706022,25
20170706023,12
20170706024,7
20170706031,52
20170706032,24
20170706033,9
20170706034,6
20170706041,45
20170706042,18
20170706043,8
20170706044,5
20170706051,42
20170706052,17
20170706053,8
20170706054,5
20170706061,48
20170706062,17
20170706063,8
20170706064,5
20170706071,54
20170706072,19
20170706073,10
20170706074,5
20170706081,60
20170706082,19
20170706083,13
20170706084,7
20170706091,71
20170706092,22
20170706093,18
20170706094,10
20170706101,97
20170706102,25
20170706103,25
20170706104,14
20170706111,114
20170706112,29
20170706113,30
20170706114,13
20170706121,114
20170706122,34
20170706123,31
20170706124,15
20170706131,104
20170706132,32
20170706133,28
20170706134,13
20170706141,113
20170706142,38
20170706143,35
20170706144,16
20170706151,112
20170706152,38
20170706153,30
20170706154,15
20170706161,108
20170706162,34
20170706163,28
20170706164,16
20170706171,110
20170706172,36
20170706173,27
20170706174,16
20170706181,114
20170706182,39
20170706183,28
20170706184,16
20170706191,118
20170706192,41
20170706193,25
20170706194,15
20170706201,109
20170706202,41
20170706203,24
20170706204,16
20170706211,101
20170706212,36
20170706213,24
20170706214,15
20170706221,94
20170706222,32
20170706223,24
20170706224,16
20170706231,91
20170706232,34
20170706233,23
20170706234,14
20170707001,83
20170707002,32
20170707003,20
20170707004,9
20170707011,70
20170707012,28
20170707013,14
20170707014,8
20170707021,59
20170707022,24
20170707023,12
20170707024,6
20170707031,50
20170707032,20
20170707033,9
20170707034,6
20170707041,43
20170707042,17
20170707043,8
20170707044,5
20170707051,41
20170707052,16
20170707053,8
20170707054,5
20170707061,46
20170707062,16
20170707063,9
20170707064,5
20170707071,53
20170707072,18
20170707073,11
20170707074,5
20170707081,60
20170707082,18
20170707083,13
20170707084,6
20170707091,71
20170707092,21
20170707093,17
20170707094,8
20170707101,89
20170707102,25
20170707103,24
20170707104,12
20170707111,101
20170707112,29
20170707113,28
20170707114,12
20170707121,103
20170707122,31
20170707123,29
20170707124,14
20170707131,93
20170707132,31
20170707133,27
20170707134,13
20170707141,103
20170707142,35
20170707143,32
20170707144,14
20170707151,101
20170707152,35
20170707153,28
20170707154,14
20170707161,95
20170707162,32
20170707163,27
20170707164,14
20170707171,94
20170707172,32
20170707173,26
20170707174,15
20170707181,99
20170707182,34
20170707183,28
20170707184,14
20170707191,103
20170707192,35
20170707193,25
20170707194,15
20170707201,95
20170707202,34
20170707203,24
20170707204,18
20170707211,89
20170707212,31
20170707213,27
20170707214,15
20170707221,85
20170707222,28
20170707223,28
20170707224,16
20170707231,80
20170707232,27
20170707233,24
20170707234,14
20170708001,71
20170708002,28
20170708003,21
20170708004,10
20170708011,59
20170708012,25
20170708013,17
20170708014,8
20170708021,49
20170708022,22
20170708023,13
20170708024,6
20170708031,41
20170708032,18
20170708033,10
20170708034,5
20170708041,36
20170708042,14
20170708043,8
20170708044,5
20170708051,33
20170708052,12
20170708053,7
20170708054,5
20170708061,35
20170708062,11
20170708063,8
20170708064,5
20170708071,39
20170708072,12
20170708073,10
20170708074,5
20170708081,44
20170708082,13
20170708083,12
20170708084,7
20170708091,48
20170708092,15
20170708093,16
20170708094,9
20170708101,57
20170708102,18
20170708103,22
20170708104,10
20170708111,62
20170708112,19
20170708113,27
20170708114,11
20170708121,61
20170708122,19
20170708123,29
20170708124,13
20170708131,55
20170708132,18
20170708133,27
20170708134,14
20170708141,55
20170708142,18
20170708143,32
20170708144,14
20170708151,56
20170708152,17
20170708153,31
20170708154,14
20170708161,55
20170708162,18
20170708163,39
20170708164,14
20170708171,54
20170708172,18
20170708173,45
20170708174,15
20170708181,59
20170708182,19
20170708183,50
20170708184,14
20170708191,64
20170708192,21
20170708193,50
20170708194,14
20170708201,66
20170708202,20
20170708203,65
20170708204,15
20170708211,63
20170708212,19
20170708213,49
20170708214,15
20170708221,62
20170708222,18
20170708223,41
20170708224,15
20170708231,60
20170708232,18
20170708233,37
20170708234,14
20170709001,55
20170709002,19
20170709003,36
20170709004,10
20170709011,46
20170709012,17
20170709013,23
20170709014,8
20170709021,39
20170709022,17
20170709023,16
20170709024,6
20170709031,35
20170709032,15
20170709033,12
20170709034,6
20170709041,30
20170709042,12
20170709043,9
20170709044,5
20170709051,28
20170709052,11
20170709053,9
20170709054,5
20170709061,30
20170709062,11
20170709063,9
20170709064,5
20170709071,34
20170709072,11
20170709073,12
20170709074,6
20170709081,38
20170709082,12
20170709083,14
20170709084,7
20170709091,45
20170709092,13
20170709093,17
20170709094,9
20170709101,52
20170709102,15
20170709103,23
20170709104,10
20170709111,59
20170709112,17
20170709113,27
20170709114,12
20170709121,60
20170709122,16
20170709123,30
20170709124,13
20170709131,53
20170709132,16
20170709133,30
20170709134,12
20170709141,54
20170709142,17
20170709143,36
20170709144,13
20170709151,53
20170709152,16
20170709153,34
20170709154,14
20170709161,53
20170709162,17
20170709163,41
20170709164,15
20170709171,55
20170709172,18
20170709173,48
20170709174,16
20170709181,62
20170709182,19
20170709183,45
20170709184,15
20170709191,66
20170709192,20
20170709193,49
20170709194,16
20170709201,66
20170709202,19
20170709203,47
20170709204,18
20170709211,65
20170709212,19
20170709213,46
20170709214,15
20170709221,65
20170709222,19
20170709223,40
20170709224,18
20170709231,63
20170709232,19
20170709233,36
20170709234,12
20170710001,59
20170710002,20
20170710003,31
20170710004,9
20170710011,51
20170710012,18
20170710013,24
20170710014,8
20170710021,43
20170710022,17
20170710023,17
20170710024,6
20170710031,37
20170710032,17
20170710033,12
20170710034,5
20170710041,34
20170710042,14
20170710043,10
20170710044,5
20170710051,35
20170710052,14
20170710053,9
20170710054,4
20170710061,41
20170710062,14
20170710063,10
20170710064,5
20170710071,48
20170710072,16
20170710073,13
20170710074,5
20170710081,56
20170710082,18
20170710083,15
20170710084,6
20170710091,68
20170710092,21
20170710093,20
20170710094,9
20170710101,89
20170710102,22
20170710103,28
20170710104,12
20170710111,111
20170710112,25
20170710113,31
20170710114,13
20170710121,114
20170710122,28
20170710123,31
20170710124,15
20170710131,100
20170710132,31
20170710133,31
20170710134,13
20170710141,105
20170710142,34
20170710143,34
20170710144,14
20170710151,104
20170710152,34
20170710153,30
20170710154,14
20170710161,101
20170710162,34
20170710163,29
20170710164,14
20170710171,102
20170710172,35
20170710173,29
20170710174,14
20170710181,109
20170710182,37
20170710183,31
20170710184,14
20170710191,115
20170710192,39
20170710193,31
20170710194,15
20170710201,110
20170710202,39
20170710203,29
20170710204,15
20170710211,100
20170710212,37
20170710213,27
20170710214,15
20170710221,93
20170710222,36
20170710223,26
20170710224,15
20170710231,90
20170710232,35
20170710233,23
20170710234,15
20170711001,87
20170711002,34
20170711003,19
20170711004,10
20170711011,77
20170711012,30
20170711013,16
20170711014,8
20170711021,68
20170711022,26
20170711023,14
20170711024,6
20170711031,55
20170711032,21
20170711033,11
20170711034,6
20170711041,46
20170711042,17
20170711043,9
20170711044,5
20170711051,43
20170711052,16
20170711053,8
20170711054,5
20170711061,49
20170711062,16
20170711063,9
20170711064,5
20170711071,56
20170711072,19
20170711073,12
20170711074,5
20170711081,62
20170711082,20
20170711083,14
20170711084,7
20170711091,73
20170711092,22
20170711093,18
20170711094,9
20170711101,93
20170711102,24
20170711103,25
20170711104,12
20170711111,113
20170711112,29
20170711113,29
20170711114,14
20170711121,114
20170711122,33
20170711123,29
20170711124,15
20170711131,105
20170711132,34
20170711133,28
20170711134,13
20170711141,113
20170711142,38
20170711143,33
20170711144,14
20170711151,113
20170711152,38
20170711153,28
20170711154,14
20170711161,110
20170711162,37
20170711163,26
20170711164,15
20170711171,110
20170711172,38
20170711173,26
20170711174,15
20170711181,112
20170711182,41
20170711183,31
20170711184,15
20170711191,115
20170711192,42
20170711193,27
20170711194,14
20170711201,110
20170711202,41
20170711203,25
20170711204,17
20170711211,101
20170711212,37
20170711213,25
20170711214,15
20170711221,95
20170711222,36
20170711223,24
20170711224,17
20170711231,88
20170711232,35
20170711233,23
20170711234,13
20170712001,85
20170712002,34
20170712003,20
20170712004,10
20170712011,72
20170712012,30
20170712013,15
20170712014,8
20170712021,63
20170712022,25
20170712023,13
20170712024,7
20170712031,53
20170712032,21
20170712033,10
20170712034,6
20170712041,45
20170712042,17
20170712043,9
20170712044,5
20170712051,44
20170712052,16
20170712053,8
20170712054,5
20170712061,50
20170712062,16
20170712063,9
20170712064,5
20170712071,56
20170712072,19
20170712073,11
20170712074,6
20170712081,62
20170712082,20
20170712083,13
20170712084,6
20170712091,72
20170712092,22
20170712093,17
20170712094,9
20170712101,95
20170712102,25
20170712103,24
20170712104,12
20170712111,112
20170712112,31
20170712113,26
20170712114,14
20170712121,113
20170712122,35
20170712123,26
20170712124,15
20170712131,103
20170712132,33
20170712133,25
20170712134,14
20170712141,112
20170712142,39
20170712143,31
20170712144,14
20170712151,111
20170712152,39
20170712153,25
20170712154,15
20170712161,106
20170712162,38
20170712163,24
20170712164,15
20170712171,109
20170712172,38
20170712173,24
20170712174,15
20170712181,113
20170712182,40
20170712183,26
20170712184,14
20170712191,117
20170712192,42
20170712193,24
20170712194,14
20170712201,109
20170712202,41
20170712203,23
20170712204,16
20170712211,101
20170712212,37
20170712213,23
20170712214,15
20170712221,95
20170712222,34
20170712223,22
20170712224,14
20170712231,91
20170712232,34
20170712233,22
20170712234,13
20170713001,84
20170713002,34
20170713003,20
20170713004,10
20170713011,71
20170713012,30
20170713013,15
20170713014,9
20170713021,60
20170713022,25
20170713023,13
20170713024,7
20170713031,50
20170713032,22
20170713033,10
20170713034,6
20170713041,44
20170713042,17
20170713043,8
20170713044,5
20170713051,42
20170713052,16
20170713053,8
20170713054,5
20170713061,49
20170713062,17
20170713063,9
20170713064,5
20170713071,56
20170713072,19
20170713073,11
20170713074,6
20170713081,62
20170713082,20
20170713083,13
20170713084,7
20170713091,74
20170713092,22
20170713093,17
20170713094,9
20170713101,100
20170713102,26
20170713103,24
20170713104,12
20170713111,113
20170713112,31
20170713113,27
20170713114,14
20170713121,113
20170713122,34
20170713123,26
20170713124,14
20170713131,104
20170713132,31
20170713133,26
20170713134,13
20170713141,113
20170713142,38
20170713143,31
20170713144,15
20170713151,111
20170713152,38
20170713153,26
20170713154,16
20170713161,106
20170713162,36
20170713163,25
20170713164,16
20170713171,109
20170713172,37
20170713173,24
20170713174,16
20170713181,113
20170713182,40
20170713183,27
20170713184,15
20170713191,115
20170713192,42
20170713193,23
20170713194,15
20170713201,109
20170713202,41
20170713203,22
20170713204,17
20170713211,101
20170713212,36
20170713213,22
20170713214,15
20170713221,94
20170713222,33
20170713223,23
20170713224,15
20170713231,91
20170713232,34
20170713233,21
20170713234,13
20170714001,82
20170714002,32
20170714003,19
20170714004,9
20170714011,68
20170714012,29
20170714013,14
20170714014,7
20170714021,57
20170714022,24
20170714023,11
20170714024,6
20170714031,48
20170714032,20
20170714033,9
20170714034,5
20170714041,42
20170714042,16
20170714043,8
20170714044,5
20170714051,40
20170714052,16
20170714053,7
20170714054,5
20170714061,46
20170714062,16
20170714063,8
20170714064,5
20170714071,54
20170714072,19
20170714073,10
20170714074,6
20170714081,61
20170714082,19
20170714083,12
20170714084,7
20170714091,72
20170714092,22
20170714093,15
20170714094,9
20170714101,91
20170714102,26
20170714103,22
20170714104,12
20170714111,103
20170714112,30
20170714113,25
20170714114,13
20170714121,105
20170714122,33
20170714123,25
20170714124,14
20170714131,94
20170714132,30
20170714133,24
20170714134,13
20170714141,102
20170714142,35
20170714143,29
20170714144,14
20170714151,101
20170714152,36
20170714153,24
20170714154,14
20170714161,94
20170714162,33
20170714163,23
20170714164,14
20170714171,93
20170714172,32
20170714173,23
20170714174,14
20170714181,99
20170714182,33
20170714183,24
20170714184,14
20170714191,102
20170714192,36
20170714193,22
20170714194,14
20170714201,95
20170714202,36
20170714203,22
20170714204,17
20170714211,88
20170714212,31
20170714213,23
20170714214,14
20170714221,85
20170714222,28
20170714223,23
20170714224,16
20170714231,80
20170714232,28
20170714233,21
20170714234,14
20170715001,70
20170715002,28
20170715003,20
20170715004,10
20170715011,58
20170715012,25
20170715013,14
20170715014,8
20170715021,48
20170715022,21
20170715023,11
20170715024,6
20170715031,40
20170715032,17
20170715033,8
20170715034,6
20170715041,34
20170715042,14
20170715043,7
20170715044,5
20170715051,31
20170715052,13
20170715053,7
20170715054,5
20170715061,33
20170715062,12
20170715063,7
20170715064,5
20170715071,37
20170715072,12
20170715073,9
20170715074,5
20170715081,42
20170715082,13
20170715083,11
20170715084,6
20170715091,48
20170715092,16
20170715093,13
20170715094,9
20170715101,58
20170715102,18
20170715103,19
20170715104,10
20170715111,62
20170715112,19
20170715113,22
20170715114,11
20170715121,60
20170715122,18
20170715123,24
20170715124,13
20170715131,55
20170715132,19
20170715133,23
20170715134,14
20170715141,56
20170715142,18
20170715143,27
20170715144,14
20170715151,56
20170715152,17
20170715153,23
20170715154,14
20170715161,55
20170715162,18
20170715163,22
20170715164,14
20170715171,54
20170715172,18
20170715173,25
20170715174,14
20170715181,59
20170715182,19
20170715183,28
20170715184,14
20170715191,64
20170715192,20
20170715193,27
20170715194,14
20170715201,66
20170715202,20
20170715203,25
20170715204,15
20170715211,63
20170715212,19
20170715213,25
20170715214,15
20170715221,61
20170715222,19
20170715223,26
20170715224,17
20170715231,60
20170715232,18
20170715233,24
20170715234,13
20170716001,55
20170716002,19
20170716003,23
20170716004,10
20170716011,46
20170716012,17
20170716013,16
20170716014,8
20170716021,39
20170716022,17
20170716023,12
20170716024,6
20170716031,34
20170716032,16
20170716033,9
20170716034,6
20170716041,30
20170716042,12
20170716043,7
20170716044,5
20170716051,28
20170716052,11
20170716053,7
20170716054,5
20170716061,30
20170716062,10
20170716063,7
20170716064,5
20170716071,33
20170716072,11
20170716073,9
20170716074,5
20170716081,38
20170716082,12
20170716083,11
20170716084,7
20170716091,45
20170716092,14
20170716093,14
20170716094,9
20170716101,52
20170716102,15
20170716103,18
20170716104,9
20170716111,59
20170716112,17
20170716113,22
20170716114,9
20170716121,60
20170716122,16
20170716123,24
20170716124,11
20170716131,53
20170716132,16
20170716133,24
20170716134,10
20170716141,53
20170716142,17
20170716143,28
20170716144,11
20170716151,53
20170716152,16
20170716153,25
20170716154,12
20170716161,52
20170716162,18
20170716163,26
20170716164,12
20170716171,54
20170716172,18
20170716173,26
20170716174,14
20170716181,62
20170716182,19
20170716183,31
20170716184,14
20170716191,67
20170716192,20
20170716193,31
20170716194,14
20170716201,67
20170716202,20
20170716203,31
20170716204,17
20170716211,66
20170716212,20
20170716213,28
20170716214,15
20170716221,65
20170716222,20
20170716223,29
20170716224,16
20170716231,63
20170716232,20
20170716233,28
20170716234,14
20170717001,59
20170717002,20
20170717003,25
20170717004,9
20170717011,51
20170717012,18
20170717013,17
20170717014,8
20170717021,43
20170717022,17
20170717023,13
20170717024,6
20170717031,38
20170717032,16
20170717033,10
20170717034,6
20170717041,34
20170717042,14
20170717043,8
20170717044,5
20170717051,35
20170717052,14
20170717053,8
20170717054,5
20170717061,41
20170717062,14
20170717063,9
20170717064,5
20170717071,48
20170717072,16
20170717073,11
20170717074,6
20170717081,56
20170717082,18
20170717083,13
20170717084,6
20170717091,69
20170717092,21
20170717093,18
20170717094,9
20170717101,93
20170717102,22
20170717103,26
20170717104,12
20170717111,112
20170717112,27
20170717113,30
20170717114,14
20170717121,116
20170717122,32
20170717123,29
20170717124,15
20170717131,104
20170717132,31
20170717133,30
20170717134,15
20170717141,113
20170717142,34
20170717143,35
20170717144,16
20170717151,112
20170717152,35
20170717153,33
20170717154,16
20170717161,107
20170717162,34
20170717163,32
20170717164,16
20170717171,109
20170717172,35
20170717173,32
20170717174,16
20170717181,116
20170717182,37
20170717183,37
20170717184,15
20170717191,115
20170717192,39
20170717193,33
20170717194,14
20170717201,107
20170717202,40
20170717203,31
20170717204,15
20170717211,99
20170717212,37
20170717213,30
20170717214,15
20170717221,91
20170717222,35
20170717223,31
20170717224,15
20170717231,89
20170717232,35
20170717233,29
20170717234,14
20170718001,87
20170718002,34
20170718003,24
20170718004,10
20170718011,75
20170718012,30
20170718013,17
20170718014,8
20170718021,68
20170718022,26
20170718023,12
20170718024,6
20170718031,55
20170718032,20
20170718033,10
20170718034,6
20170718041,46
20170718042,17
20170718043,9
20170718044,5
20170718051,44
20170718052,16
20170718053,8
20170718054,5
20170718061,49
20170718062,16
20170718063,9
20170718064,5
20170718071,57
20170718072,19
20170718073,11
20170718074,6
20170718081,64
20170718082,20
20170718083,14
20170718084,7
20170718091,75
20170718092,22
20170718093,18
20170718094,9
20170718101,97
20170718102,25
20170718103,29
20170718104,12
20170718111,113
20170718112,31
20170718113,35
20170718114,13
20170718121,114
20170718122,34
20170718123,34
20170718124,15
20170718131,105
20170718132,34
20170718133,33
20170718134,13
20170718141,113
20170718142,38
20170718143,38
20170718144,14
20170718151,111
20170718152,38
20170718153,36
20170718154,14
20170718161,106
20170718162,38
20170718163,33
20170718164,15
20170718171,109
20170718172,37
20170718173,32
20170718174,16
20170718181,111
20170718182,40
20170718183,35
20170718184,16
20170718191,111
20170718192,42
20170718193,34
20170718194,16
20170718201,106
20170718202,41
20170718203,33
20170718204,17
20170718211,102
20170718212,38
20170718213,30
20170718214,15
20170718221,95
20170718222,36
20170718223,31
20170718224,16
20170718231,89
20170718232,34
20170718233,28
20170718234,13
20170719001,84
20170719002,33
20170719003,27
20170719004,10
20170719011,72
20170719012,30
20170719013,17
20170719014,8
20170719021,64
20170719022,25
20170719023,13
20170719024,6
20170719031,54
20170719032,21
20170719033,11
20170719034,6
20170719041,46
20170719042,17
20170719043,9
20170719044,5
20170719051,44
20170719052,16
20170719053,8
20170719054,5
20170719061,51
20170719062,16
20170719063,9
20170719064,5
20170719071,57
20170719072,19
20170719073,12
20170719074,5
20170719081,64
20170719082,20
20170719083,14
20170719084,7
20170719091,75
20170719092,22
20170719093,20
20170719094,9
20170719101,100
20170719102,25
20170719103,29
20170719104,12
20170719111,112
20170719112,31
20170719113,36
20170719114,14
20170719121,112
20170719122,35
20170719123,37
20170719124,15
20170719131,102
20170719132,33
20170719133,36
20170719134,14
20170719141,111
20170719142,39
20170719143,42
20170719144,15
20170719151,109
20170719152,39
20170719153,41
20170719154,14
20170719161,106
20170719162,38
20170719163,41
20170719164,14
20170719171,107
20170719172,38
20170719173,41
20170719174,14
20170719181,111
20170719182,40
20170719183,43
20170719184,14
20170719191,110
20170719192,42
20170719193,40
20170719194,14
20170719201,106
20170719202,41
20170719203,39
20170719204,15
20170719211,100
20170719212,37
20170719213,33
20170719214,16
20170719221,94
20170719222,34
20170719223,31
20170719224,16
20170719231,91
20170719232,34
20170719233,28
20170719234,15
20170720001,83
20170720002,33
20170720003,27
20170720004,10
20170720011,70
20170720012,30
20170720013,18
20170720014,9
20170720021,59
20170720022,25
20170720023,13
20170720024,7
20170720031,51
20170720032,21
20170720033,10
20170720034,6
20170720041,43
20170720042,17
20170720043,9
20170720044,6
20170720051,41
20170720052,16
20170720053,9
20170720054,5
20170720061,48
20170720062,16
20170720063,10
20170720064,6
20170720071,55
20170720072,18
20170720073,12
20170720074,6
20170720081,63
20170720082,20
20170720083,16
20170720084,7
20170720091,77
20170720092,22
20170720093,23
20170720094,9
20170720101,102
20170720102,25
20170720103,31
20170720104,12
20170720111,112
20170720112,31
20170720113,39
20170720114,14
20170720121,113
20170720122,34
20170720123,39
20170720124,15
20170720131,104
20170720132,31
20170720133,35
20170720134,15
20170720141,113
20170720142,38
20170720143,42
20170720144,16
20170720151,110
20170720152,38
20170720153,43
20170720154,16
20170720161,106
20170720162,36
20170720163,41
20170720164,16
20170720171,108
20170720172,37
20170720173,41
20170720174,16
20170720181,112
20170720182,39
20170720183,42
20170720184,15
20170720191,113
20170720192,41
20170720193,41
20170720194,15
20170720201,108
20170720202,40
20170720203,41
20170720204,17
20170720211,101
20170720212,36
20170720213,39
20170720214,15
20170720221,94
20170720222,33
20170720223,36
20170720224,15
20170720231,90
20170720232,34
20170720233,33
20170720234,14
20170721001,81
20170721002,32
20170721003,38
20170721004,10
20170721011,68
20170721012,28
20170721013,23
20170721014,7
20170721021,57
20170721022,25
20170721023,16
20170721024,6
20170721031,48
20170721032,20
20170721033,12
20170721034,6
20170721041,42
20170721042,17
20170721043,10
20170721044,5
20170721051,40
20170721052,15
20170721053,9
20170721054,5
20170721061,46
20170721062,16
20170721063,10
20170721064,5
20170721071,54
20170721072,18
20170721073,12
20170721074,5
20170721081,61
20170721082,19
20170721083,16
20170721084,6
20170721091,72
20170721092,22
20170721093,22
20170721094,9
20170721101,91
20170721102,25
20170721103,31
20170721104,11
20170721111,102
20170721112,30
20170721113,36
20170721114,13
20170721121,105
20170721122,32
20170721123,37
20170721124,14
20170721131,94
20170721132,30
20170721133,34
20170721134,12
20170721141,102
20170721142,35
20170721143,39
20170721144,14
20170721151,100
20170721152,36
20170721153,36
20170721154,14
20170721161,93
20170721162,33
20170721163,32
20170721164,15
20170721171,93
20170721172,32
20170721173,31
20170721174,15
20170721181,98
20170721182,34
20170721183,32
20170721184,15
20170721191,101
20170721192,36
20170721193,32
20170721194,15
20170721201,94
20170721202,35
20170721203,32
20170721204,17
20170721211,87
20170721212,31
20170721213,31
20170721214,16
20170721221,83
20170721222,29
20170721223,29
20170721224,16
20170721231,80
20170721232,29
20170721233,27
20170721234,13
20170722001,70
20170722002,29
20170722003,29
20170722004,10
20170722011,58
20170722012,24
20170722013,19
20170722014,7
20170722021,48
20170722022,21
20170722023,12
20170722024,6
20170722031,40
20170722032,17
20170722033,9
20170722034,6
20170722041,34
20170722042,13
20170722043,8
20170722044,5
20170722051,31
20170722052,12
20170722053,7
20170722054,5
20170722061,34
20170722062,12
20170722063,8
20170722064,5
20170722071,37
20170722072,12
20170722073,10
20170722074,5
20170722081,43
20170722082,13
20170722083,13
20170722084,7
20170722091,49
20170722092,16
20170722093,17
20170722094,9
20170722101,60
20170722102,18
20170722103,23
20170722104,10
20170722111,64
20170722112,19
20170722113,27
20170722114,11
20170722121,64
20170722122,18
20170722123,26
20170722124,13
20170722131,57
20170722132,18
20170722133,25
20170722134,12
20170722141,57
20170722142,17
20170722143,30
20170722144,14
20170722151,57
20170722152,17
20170722153,27
20170722154,15
20170722161,56
20170722162,18
20170722163,26
20170722164,15
20170722171,55
20170722172,18
20170722173,25
20170722174,15
20170722181,59
20170722182,19
20170722183,29
20170722184,14
20170722191,63
20170722192,21
20170722193,32
20170722194,15
20170722201,65
20170722202,21
20170722203,39
20170722204,17
20170722211,63
20170722212,20
20170722213,34
20170722214,15
20170722221,61
20170722222,19
20170722223,28
20170722224,16
20170722231,59
20170722232,19
20170722233,25
20170722234,14
20170723001,55
20170723002,19
20170723003,24
20170723004,10
20170723011,46
20170723012,17
20170723013,15
20170723014,8
20170723021,39
20170723022,17
20170723023,12
20170723024,6
20170723031,34
20170723032,16
20170723033,9
20170723034,6
20170723041,29
20170723042,12
20170723043,7
20170723044,5
20170723051,27
20170723052,11
20170723053,7
20170723054,5
20170723061,30
20170723062,11
20170723063,8
20170723064,5
20170723071,34
20170723072,11
20170723073,9
20170723074,5
20170723081,38
20170723082,12
20170723083,12
20170723084,7
20170723091,46
20170723092,14
20170723093,15
20170723094,9
20170723101,54
20170723102,15
20170723103,18
20170723104,10
20170723111,61
20170723112,17
20170723113,23
20170723114,11
20170723121,63
20170723122,17
20170723123,26
20170723124,13
20170723131,57
20170723132,16
20170723133,24
20170723134,12
20170723141,55
20170723142,17
20170723143,29
20170723144,13
20170723151,54
20170723152,17
20170723153,26
20170723154,12
20170723161,54
20170723162,18
20170723163,25
20170723164,13
20170723171,55
20170723172,18
20170723173,23
20170723174,13
20170723181,62
20170723182,19
20170723183,27
20170723184,13
20170723191,67
20170723192,21
20170723193,26
20170723194,13
20170723201,67
20170723202,21
20170723203,33
20170723204,17
20170723211,65
20170723212,20
20170723213,32
20170723214,15
20170723221,65
20170723222,21
20170723223,29
20170723224,16
20170723231,63
20170723232,21
20170723233,26
20170723234,13
20170724001,58
20170724002,21
20170724003,22
20170724004,10
20170724011,50
20170724012,19
20170724013,14
20170724014,7
20170724021,43
20170724022,18
20170724023,10
20170724024,6
20170724031,38
20170724032,17
20170724033,8
20170724034,6
20170724041,34
20170724042,14
20170724043,7
20170724044,5
20170724051,35
20170724052,13
20170724053,7
20170724054,5
20170724061,41
20170724062,14
20170724063,7
20170724064,5
20170724071,48
20170724072,16
20170724073,10
20170724074,5
20170724081,56
20170724082,17
20170724083,12
20170724084,6
20170724091,69
20170724092,21
20170724093,16
20170724094,9
20170724101,92
20170724102,23
20170724103,23
20170724104,12
20170724111,114
20170724112,28
20170724113,27
20170724114,13
20170724121,115
20170724122,33
20170724123,28
20170724124,15
20170724131,106
20170724132,32
20170724133,26
20170724134,13
20170724141,112
20170724142,34
20170724143,31
20170724144,14
20170724151,111
20170724152,35
20170724153,28
20170724154,15
20170724161,108
20170724162,34
20170724163,26
20170724164,16
20170724171,110
20170724172,35
20170724173,26
20170724174,16
20170724181,113
20170724182,36
20170724183,27
20170724184,15
20170724191,116
20170724192,37
20170724193,25
20170724194,15
20170724201,110
20170724202,38
20170724203,26
20170724204,16
20170724211,100
20170724212,36
20170724213,25
20170724214,15
20170724221,93
20170724222,35
20170724223,25
20170724224,15
20170724231,90
20170724232,34
20170724233,22
20170724234,14
20170725001,86
20170725002,33
20170725003,21
20170725004,10
20170725011,75
20170725012,30
20170725013,14
20170725014,8
20170725021,67
20170725022,26
20170725023,10
20170725024,6
20170725031,54
20170725032,21
20170725033,9
20170725034,6
20170725041,45
20170725042,17
20170725043,8
20170725044,5
20170725051,42
20170725052,16
20170725053,7
20170725054,5
20170725061,47
20170725062,16
20170725063,8
20170725064,5
20170725071,55
20170725072,19
20170725073,10
20170725074,6
20170725081,62
20170725082,20
20170725083,12
20170725084,7
20170725091,76
20170725092,22
20170725093,16
20170725094,9
20170725101,99
20170725102,25
20170725103,23
20170725104,12
20170725111,112
20170725112,31
20170725113,26
20170725114,14
20170725121,113
20170725122,35
20170725123,27
20170725124,15
20170725131,106
20170725132,34
20170725133,26
20170725134,14
20170725141,113
20170725142,38
20170725143,31
20170725144,15
20170725151,112
20170725152,37
20170725153,28
20170725154,15
20170725161,107
20170725162,36
20170725163,26
20170725164,15
20170725171,109
20170725172,36
20170725173,25
20170725174,15
20170725181,112
20170725182,39
20170725183,26
20170725184,15
20170725191,112
20170725192,41
20170725193,24
20170725194,14
20170725201,108
20170725202,41
20170725203,24
20170725204,16
20170725211,100
20170725212,37
20170725213,23
20170725214,16
20170725221,94
20170725222,35
20170725223,23
20170725224,17
20170725231,88
20170725232,34
20170725233,21
20170725234,13
20170726001,81
20170726002,33
20170726003,20
20170726004,10
20170726011,69
20170726012,30
20170726013,14
20170726014,8
20170726021,63
20170726022,24
20170726023,10
20170726024,6
20170726031,53
20170726032,21
20170726033,9
20170726034,6
20170726041,45
20170726042,17
20170726043,7
20170726044,5
20170726051,43
20170726052,16
20170726053,7
20170726054,5
20170726061,48
20170726062,16
20170726063,8
20170726064,5
20170726071,56
20170726072,19
20170726073,9
20170726074,6
20170726081,62
20170726082,20
20170726083,11
20170726084,7
20170726091,75
20170726092,22
20170726093,16
20170726094,9
20170726101,99
20170726102,25
20170726103,22
20170726104,12
20170726111,111
20170726112,31
20170726113,26
20170726114,13
20170726121,112
20170726122,34
20170726123,26
20170726124,14
20170726131,101
20170726132,31
20170726133,25
20170726134,13
20170726141,111
20170726142,37
20170726143,30
20170726144,15
20170726151,110
20170726152,38
20170726153,27
20170726154,14
20170726161,106
20170726162,37
20170726163,25
20170726164,15
20170726171,108
20170726172,36
20170726173,24
20170726174,15
20170726181,111
20170726182,39
20170726183,27
20170726184,15
20170726191,112
20170726192,41
20170726193,24
20170726194,15
20170726201,107
20170726202,40
20170726203,23
20170726204,17
20170726211,101
20170726212,36
20170726213,22
20170726214,15
20170726221,95
20170726222,34
20170726223,23
20170726224,16
20170726231,92
20170726232,34
20170726233,21
20170726234,15
20170727001,84
20170727002,34
20170727003,19
20170727004,10
20170727011,71
20170727012,29
20170727013,13
20170727014,9
20170727021,59
20170727022,25
20170727023,10
20170727024,7
20170727031,49
20170727032,21
20170727033,9
20170727034,6
20170727041,42
20170727042,17
20170727043,7
20170727044,5
20170727051,40
20170727052,16
20170727053,7
20170727054,5
20170727061,47
20170727062,17
20170727063,7
20170727064,5
20170727071,55
20170727072,19
20170727073,9
20170727074,6
20170727081,61
20170727082,20
20170727083,11
20170727084,7
20170727091,77
20170727092,22
20170727093,16
20170727094,9
20170727101,102
20170727102,26
20170727103,21
20170727104,13
20170727111,113
20170727112,31
20170727113,25
20170727114,14
20170727121,114
20170727122,34
20170727123,25
20170727124,15
20170727131,105
20170727132,31
20170727133,25
20170727134,14
20170727141,113
20170727142,37
20170727143,28
20170727144,16
20170727151,111
20170727152,36
20170727153,26
20170727154,16
20170727161,107
20170727162,35
20170727163,25
20170727164,16
20170727171,109
20170727172,34
20170727173,25
20170727174,16
20170727181,113
20170727182,38
20170727183,29
20170727184,16
20170727191,117
20170727192,40
20170727193,28
20170727194,15
20170727201,109
20170727202,39
20170727203,27
20170727204,17
20170727211,101
20170727212,34
20170727213,25
20170727214,16
20170727221,95
20170727222,33
20170727223,25
20170727224,16
20170727231,93
20170727232,33
20170727233,24
20170727234,14
20170728001,82
20170728002,32
20170728003,22
20170728004,9
20170728011,68
20170728012,28
20170728013,15
20170728014,7
20170728021,57
20170728022,24
20170728023,12
20170728024,6
20170728031,48
20170728032,20
20170728033,9
20170728034,6
20170728041,41
20170728042,16
20170728043,8
20170728044,5
20170728051,39
20170728052,16
20170728053,8
20170728054,5
20170728061,45
20170728062,16
20170728063,8
20170728064,5
20170728071,51
20170728072,18
20170728073,10
20170728074,5
20170728081,59
20170728082,19
20170728083,12
20170728084,6
20170728091,71
20170728092,21
20170728093,16
20170728094,9
20170728101,91
20170728102,24
20170728103,22
20170728104,11
20170728111,105
20170728112,28
20170728113,27
20170728114,13
20170728121,107
20170728122,31
20170728123,29
20170728124,14
20170728131,97
20170728132,29
20170728133,30
20170728134,13
20170728141,105
20170728142,33
20170728143,32
20170728144,14
20170728151,102
20170728152,34
20170728153,31
20170728154,14
20170728161,95
20170728162,32
20170728163,30
20170728164,14
20170728171,95
20170728172,31
20170728173,31
20170728174,15
20170728181,99
20170728182,33
20170728183,38
20170728184,16
20170728191,101
20170728192,34
20170728193,35
20170728194,16
20170728201,96
20170728202,34
20170728203,31
20170728204,18
20170728211,89
20170728212,30
20170728213,30
20170728214,15
20170728221,85
20170728222,28
20170728223,30
20170728224,17
20170728231,81
20170728232,28
20170728233,28
20170728234,14
20170729001,71
20170729002,28
20170729003,27
20170729004,9
20170729011,59
20170729012,24
20170729013,18
20170729014,7
20170729021,49
20170729022,21
20170729023,13
20170729024,6
20170729031,41
20170729032,17
20170729033,10
20170729034,6
20170729041,35
20170729042,12
20170729043,8
20170729044,5
20170729051,31
20170729052,12
20170729053,7
20170729054,5
20170729061,33
20170729062,12
20170729063,8
20170729064,5
20170729071,38
20170729072,12
20170729073,9
20170729074,5
20170729081,43
20170729082,13
20170729083,12
20170729084,7
20170729091,49
20170729092,15
20170729093,15
20170729094,9
20170729101,60
20170729102,17
20170729103,21
20170729104,10
20170729111,66
20170729112,18
20170729113,27
20170729114,11
20170729121,66
20170729122,17
20170729123,29
20170729124,13
20170729131,59
20170729132,17
20170729133,28
20170729134,14
20170729141,58
20170729142,16
20170729143,29
20170729144,14
20170729151,56
20170729152,16
20170729153,27
20170729154,15
20170729161,56
20170729162,17
20170729163,26
20170729164,16
20170729171,56
20170729172,17
20170729173,28
20170729174,16
20170729181,60
20170729182,19
20170729183,32
20170729184,14
20170729191,64
20170729192,19
20170729193,35
20170729194,14
20170729201,66
20170729202,19
20170729203,39
20170729204,16
20170729211,64
20170729212,19
20170729213,44
20170729214,15
20170729221,62
20170729222,19
20170729223,36
20170729224,16
20170729231,59
20170729232,19
20170729233,36
20170729234,14
20170730001,54
20170730002,19
20170730003,34
20170730004,9
20170730011,44
20170730012,17
20170730013,21
20170730014,7
20170730021,37
20170730022,16
20170730023,14
20170730024,6
20170730031,33
20170730032,14
20170730033,10
20170730034,5
20170730041,29
20170730042,11
20170730043,8
20170730044,5
20170730051,27
20170730052,11
20170730053,7
20170730054,5
20170730061,30
20170730062,11
20170730063,8
20170730064,5
20170730071,33
20170730072,11
20170730073,10
20170730074,5
20170730081,38
20170730082,11
20170730083,12
20170730084,6
20170730091,45
20170730092,13
20170730093,15
20170730094,9
20170730101,53
20170730102,14
20170730103,20
20170730104,10
20170730111,60
20170730112,16
20170730113,26
20170730114,11
20170730121,64
20170730122,16
20170730123,30
20170730124,13
20170730131,58
20170730132,15
20170730133,29
20170730134,12
20170730141,58
20170730142,15
20170730143,31
20170730144,12
20170730151,56
20170730152,16
20170730153,29
20170730154,11
20170730161,54
20170730162,17
20170730163,29
20170730164,11
20170730171,56
20170730172,18
20170730173,30
20170730174,11
20170730181,62
20170730182,18
20170730183,35
20170730184,12
20170730191,67
20170730192,19
20170730193,39
20170730194,13
20170730201,67
20170730202,19
20170730203,44
20170730204,16
20170730211,65
20170730212,19
20170730213,43
20170730214,15
20170730221,65
20170730222,20
20170730223,38
20170730224,17
20170730231,63
20170730232,20
20170730233,37
20170730234,14
20170731001,58
20170731002,20
20170731003,41
20170731004,10
20170731011,50
20170731012,18
20170731013,22
20170731014,7
20170731021,42
20170731022,16
20170731023,15
20170731024,6
20170731031,37
20170731032,16
20170731033,10
20170731034,6
20170731041,34
20170731042,13
20170731043,8
20170731044,5
20170731051,34
20170731052,13
20170731053,8
20170731054,5
20170731061,40
20170731062,14
20170731063,8
20170731064,5
20170731071,47
20170731072,15
20170731073,11
20170731074,5
20170731081,55
20170731082,16
20170731083,14
20170731084,6
20170731091,68
20170731092,19
20170731093,18
20170731094,9
20170731101,93
20170731102,21
20170731103,27
20170731104,12
20170731111,113
20170731112,25
20170731113,32
20170731114,14
20170731121,114
20170731122,29
20170731123,33
20170731124,15
20170731131,105
20170731132,30
20170731133,31
20170731134,14
20170731141,112
20170731142,33
20170731143,34
20170731144,16
20170731151,111
20170731152,34
20170731153,32
20170731154,16
20170731161,107
20170731162,34
20170731163,30
20170731164,16
20170731171,107
20170731172,34
20170731173,29
20170731174,16
20170731181,112
20170731182,36
20170731183,31
20170731184,14
20170731191,113
20170731192,38
20170731193,28
20170731194,13
20170731201,105
20170731202,38
20170731203,31
20170731204,16
20170731211,96
20170731212,35
20170731213,30
20170731214,14
20170731221,86
20170731222,34
20170731223,29
20170731224,14
20170731231,85
20170731232,33
20170731233,28
20170731234,14
20170801001,83
20170801002,32
20170801003,26
20170801004,10
20170801011,72
20170801012,29
20170801013,18
20170801014,8
20170801021,61
20170801022,25
20170801023,13
20170801024,6
20170801031,51
20170801032,20
20170801033,10
20170801034,6
20170801041,43
20170801042,17
20170801043,8
20170801044,5
20170801051,41
20170801052,17
20170801053,8
20170801054,5
20170801061,46
20170801062,16
20170801063,9
20170801064,5
20170801071,53
20170801072,18
20170801073,11
20170801074,6
20170801081,60
20170801082,20
20170801083,13
20170801084,7
20170801091,74
20170801092,21
20170801093,17
20170801094,9
20170801101,97
20170801102,24
20170801103,24
20170801104,13
20170801111,110
20170801112,28
20170801113,28
20170801114,13
20170801121,111
20170801122,32
20170801123,28
20170801124,15
20170801131,104
20170801132,33
20170801133,27
20170801134,15
20170801141,113
20170801142,37
20170801143,33
20170801144,15
20170801151,111
20170801152,37
20170801153,30
20170801154,15
20170801161,108
20170801162,36
20170801163,28
20170801164,16
20170801171,109
20170801172,36
20170801173,28
20170801174,16
20170801181,112
20170801182,39
20170801183,31
20170801184,15
20170801191,115
20170801192,40
20170801193,28
20170801194,15
20170801201,107
20170801202,39
20170801203,28
20170801204,16
20170801211,99
20170801212,36
20170801213,27
20170801214,16
20170801221,93
20170801222,34
20170801223,27
20170801224,17
20170801231,88
20170801232,33
20170801233,26
20170801234,13
20170802001,82
20170802002,33
20170802003,22
20170802004,10
20170802011,69
20170802012,29
20170802013,16
20170802014,8
20170802021,60
20170802022,24
20170802023,13
20170802024,6
20170802031,51
20170802032,21
20170802033,10
20170802034,6
20170802041,44
20170802042,18
20170802043,8
20170802044,5
20170802051,42
20170802052,17
20170802053,8
20170802054,4
20170802061,47
20170802062,17
20170802063,8
20170802064,5
20170802071,55
20170802072,19
20170802073,10
20170802074,6
20170802081,61
20170802082,20
20170802083,13
20170802084,8
20170802091,74
20170802092,22
20170802093,17
20170802094,9
20170802101,99
20170802102,25
20170802103,24
20170802104,12
20170802111,112
20170802112,30
20170802113,28
20170802114,14
20170802121,113
20170802122,33
20170802123,29
20170802124,14
20170802131,101
20170802132,31
20170802133,28
20170802134,14
20170802141,111
20170802142,37
20170802143,34
20170802144,15
20170802151,111
20170802152,37
20170802153,31
20170802154,14
20170802161,107
20170802162,36
20170802163,29
20170802164,14
20170802171,109
20170802172,36
20170802173,27
20170802174,15
20170802181,112
20170802182,39
20170802183,30
20170802184,15
20170802191,115
20170802192,40
20170802193,27
20170802194,15
20170802201,108
20170802202,40
20170802203,27
20170802204,17
20170802211,101
20170802212,36
20170802213,26
20170802214,15
20170802221,94
20170802222,33
20170802223,25
20170802224,16
20170802231,91
20170802232,34
20170802233,25
20170802234,14
20170803001,84
20170803002,32
20170803003,22
20170803004,10
20170803011,71
20170803012,28
20170803013,16
20170803014,9
20170803021,59
20170803022,24
20170803023,12
20170803024,7
20170803031,49
20170803032,20
20170803033,9
20170803034,6
20170803041,43
20170803042,17
20170803043,8
20170803044,5
20170803051,41
20170803052,17
20170803053,7
20170803054,5
20170803061,46
20170803062,17
20170803063,8
20170803064,5
20170803071,55
20170803072,19
20170803073,10
20170803074,5
20170803081,61
20170803082,20
20170803083,12
20170803084,7
20170803091,76
20170803092,22
20170803093,17
20170803094,10
20170803101,100
20170803102,24
20170803103,24
20170803104,13
20170803111,113
20170803112,30
20170803113,28
20170803114,14
20170803121,114
20170803122,33
20170803123,29
20170803124,15
20170803131,105
20170803132,30
20170803133,27
20170803134,14
20170803141,113
20170803142,37
20170803143,34
20170803144,15
20170803151,111
20170803152,36
20170803153,31
20170803154,15
20170803161,107
20170803162,35
20170803163,30
20170803164,16
20170803171,109
20170803172,34
20170803173,29
20170803174,15
20170803181,112
20170803182,37
20170803183,30
20170803184,14
20170803191,114
20170803192,38
20170803193,27
20170803194,15
20170803201,109
20170803202,37
20170803203,27
20170803204,15
20170803211,101
20170803212,34
20170803213,26
20170803214,15
20170803221,94
20170803222,32
20170803223,25
20170803224,16
20170803231,91
20170803232,33
20170803233,23
20170803234,13
20170804001,82
20170804002,31
20170804003,21
20170804004,10
20170804011,69
20170804012,27
20170804013,14
20170804014,8
20170804021,58
20170804022,24
20170804023,12
20170804024,6
20170804031,49
20170804032,19
20170804033,10
20170804034,6
20170804041,42
20170804042,16
20170804043,8
20170804044,5
20170804051,40
20170804052,16
20170804053,8
20170804054,5
20170804061,45
20170804062,16
20170804063,8
20170804064,5
20170804071,51
20170804072,18
20170804073,10
20170804074,5
20170804081,60
20170804082,19
20170804083,13
20170804084,7
20170804091,70
20170804092,21
20170804093,17
20170804094,9
20170804101,90
20170804102,24
20170804103,23
20170804104,12
20170804111,103
20170804112,28
20170804113,28
20170804114,13
20170804121,106
20170804122,31
20170804123,29
20170804124,15
20170804131,94
20170804132,29
20170804133,27
20170804134,13
20170804141,104
20170804142,32
20170804143,32
20170804144,15
20170804151,102
20170804152,31
20170804153,29
20170804154,16
20170804161,95
20170804162,31
20170804163,26
20170804164,15
20170804171,94
20170804172,30
20170804173,26
20170804174,15
20170804181,100
20170804182,32
20170804183,27
20170804184,15
20170804191,102
20170804192,33
20170804193,25
20170804194,15
20170804201,94
20170804202,33
20170804203,24
20170804204,17
20170804211,88
20170804212,29
20170804213,23
20170804214,15
20170804221,85
20170804222,27
20170804223,24
20170804224,15
20170804231,81
20170804232,27
20170804233,23
20170804234,13
20170805001,72
20170805002,28
20170805003,21
20170805004,9
20170805011,59
20170805012,24
20170805013,15
20170805014,7
20170805021,49
20170805022,20
20170805023,12
20170805024,6
20170805031,40
20170805032,17
20170805033,9
20170805034,5
20170805041,35
20170805042,14
20170805043,8
20170805044,4
20170805051,31
20170805052,12
20170805053,7
20170805054,4
20170805061,34
20170805062,11
20170805063,8
20170805064,4
20170805071,36
20170805072,12
20170805073,10
20170805074,5
20170805081,42
20170805082,13
20170805083,12
20170805084,7
20170805091,48
20170805092,15
20170805093,15
20170805094,9
20170805101,58
20170805102,17
20170805103,22
20170805104,11
20170805111,63
20170805112,18
20170805113,26
20170805114,11
20170805121,63
20170805122,18
20170805123,28
20170805124,13
20170805131,57
20170805132,17
20170805133,27
20170805134,13
20170805141,58
20170805142,17
20170805143,31
20170805144,14
20170805151,57
20170805152,17
20170805153,33
20170805154,13
20170805161,56
20170805162,18
20170805163,41
20170805164,15
20170805171,55
20170805172,17
20170805173,44
20170805174,16
20170805181,59
20170805182,18
20170805183,48
20170805184,14
20170805191,64
20170805192,19
20170805193,45
20170805194,15
20170805201,66
20170805202,19
20170805203,45
20170805204,16
20170805211,64
20170805212,18
20170805213,38
20170805214,16
20170805221,62
20170805222,19
20170805223,35
20170805224,16
20170805231,60
20170805232,19
20170805233,32
20170805234,14
20170806001,54
20170806002,18
20170806003,32
20170806004,9
20170806011,45
20170806012,17
20170806013,20
20170806014,8
20170806021,38
20170806022,16
20170806023,14
20170806024,6
20170806031,34
20170806032,14
20170806033,11
20170806034,6
20170806041,29
20170806042,12
20170806043,9
20170806044,5
20170806051,28
20170806052,11
20170806053,8
20170806054,4
20170806061,30
20170806062,10
20170806063,9
20170806064,5
20170806071,33
20170806072,11
20170806073,11
20170806074,5
20170806081,38
20170806082,12
20170806083,13
20170806084,7
20170806091,45
20170806092,13
20170806093,16
20170806094,9
20170806101,52
20170806102,14
20170806103,23
20170806104,10
20170806111,59
20170806112,16
20170806113,26
20170806114,11
20170806121,62
20170806122,16
20170806123,28
20170806124,13
20170806131,56
20170806132,15
20170806133,27
20170806134,12
20170806141,57
20170806142,16
20170806143,31
20170806144,12
20170806151,56
20170806152,16
20170806153,28
20170806154,13
20170806161,54
20170806162,17
20170806163,29
20170806164,13
20170806171,55
20170806172,18
20170806173,32
20170806174,12
20170806181,62
20170806182,19
20170806183,42
20170806184,12
20170806191,67
20170806192,19
20170806193,46
20170806194,12
20170806201,67
20170806202,19
20170806203,42
20170806204,14
20170806211,66
20170806212,19
20170806213,42
20170806214,13
20170806221,65
20170806222,20
20170806223,38
20170806224,15
20170806231,63
20170806232,20
20170806233,34
20170806234,15
20170807001,58
20170807002,20
20170807003,34
20170807004,10
20170807011,50
20170807012,19
20170807013,22
20170807014,7
20170807021,42
20170807022,17
20170807023,15
20170807024,6
20170807031,37
20170807032,16
20170807033,11
20170807034,5
20170807041,34
20170807042,15
20170807043,9
20170807044,5
20170807051,34
20170807052,14
20170807053,8
20170807054,5
20170807061,40
20170807062,14
20170807063,9
20170807064,4
20170807071,47
20170807072,16
20170807073,12
20170807074,5
20170807081,55
20170807082,17
20170807083,14
20170807084,6
20170807091,67
20170807092,20
20170807093,19
20170807094,9
20170807101,89
20170807102,22
20170807103,28
20170807104,12
20170807111,109
20170807112,25
20170807113,31
20170807114,13
20170807121,113
20170807122,30
20170807123,29
20170807124,16
20170807131,105
20170807132,31
20170807133,29
20170807134,13
20170807141,113
20170807142,33
20170807143,33
20170807144,15
20170807151,113
20170807152,33
20170807153,30
20170807154,15
20170807161,110
20170807162,33
20170807163,26
20170807164,16
20170807171,113
20170807172,35
20170807173,28
20170807174,16
20170807181,116
20170807182,36
20170807183,34
20170807184,15
20170807191,117
20170807192,38
20170807193,33
20170807194,15
20170807201,109
20170807202,38
20170807203,31
20170807204,16
20170807211,99
20170807212,36
20170807213,31
20170807214,16
20170807221,92
20170807222,35
20170807223,30
20170807224,16
20170807231,89
20170807232,35
20170807233,30
20170807234,14
20170808001,82
20170808002,33
20170808003,23
20170808004,9
20170808011,70
20170808012,30
20170808013,16
20170808014,8
20170808021,59
20170808022,26
20170808023,13
20170808024,6
20170808031,51
20170808032,21
20170808033,10
20170808034,6
20170808041,44
20170808042,17
20170808043,8
20170808044,5
20170808051,41
20170808052,16
20170808053,8
20170808054,5
20170808061,47
20170808062,17
20170808063,9
20170808064,5
20170808071,55
20170808072,19
20170808073,12
20170808074,6
20170808081,62
20170808082,20
20170808083,14
20170808084,7
20170808091,77
20170808092,22
20170808093,18
20170808094,9
20170808101,99
20170808102,24
20170808103,26
20170808104,12
20170808111,115
20170808112,29
20170808113,31
20170808114,13
20170808121,116
20170808122,33
20170808123,30
20170808124,15
20170808131,106
20170808132,33
20170808133,30
20170808134,13
20170808141,115
20170808142,38
20170808143,34
20170808144,14
20170808151,113
20170808152,37
20170808153,29
20170808154,14
20170808161,111
20170808162,37
20170808163,28
20170808164,14
20170808171,113
20170808172,37
20170808173,28
20170808174,15
20170808181,115
20170808182,39
20170808183,33
20170808184,15
20170808191,116
20170808192,41
20170808193,29
20170808194,15
20170808201,110
20170808202,40
20170808203,28
20170808204,16
20170808211,101
20170808212,37
20170808213,29
20170808214,15
20170808221,94
20170808222,36
20170808223,31
20170808224,16
20170808231,88
20170808232,35
20170808233,28
20170808234,14
20170809001,82
20170809002,33
20170809003,24
20170809004,10
20170809011,69
20170809012,30
20170809013,15
20170809014,8
20170809021,58
20170809022,25
20170809023,13
20170809024,6
20170809031,50
20170809032,21
20170809033,11
20170809034,6
20170809041,43
20170809042,17
20170809043,9
20170809044,5
20170809051,41
20170809052,16
20170809053,8
20170809054,5
20170809061,47
20170809062,17
20170809063,9
20170809064,5
20170809071,56
20170809072,19
20170809073,11
20170809074,6
20170809081,63
20170809082,20
20170809083,14
20170809084,7
20170809091,76
20170809092,22
20170809093,18
20170809094,9
20170809101,99
20170809102,25
20170809103,25
20170809104,12
20170809111,114
20170809112,31
20170809113,30
20170809114,13
20170809121,114
20170809122,34
20170809123,27
20170809124,15
20170809131,104
20170809132,31
20170809133,27
20170809134,14
20170809141,114
20170809142,38
20170809143,32
20170809144,14
20170809151,113
20170809152,38
20170809153,29
20170809154,14
20170809161,110
20170809162,37
20170809163,27
20170809164,15
20170809171,111
20170809172,37
20170809173,28
20170809174,14
20170809181,115
20170809182,39
20170809183,31
20170809184,13
20170809191,117
20170809192,41
20170809193,30
20170809194,14
20170809201,109
20170809202,40
20170809203,29
20170809204,16
20170809211,101
20170809212,37
20170809213,27
20170809214,16
20170809221,95
20170809222,34
20170809223,28
20170809224,16
20170809231,90
20170809232,34
20170809233,26
20170809234,14
20170810001,83
20170810002,33
20170810003,23
20170810004,10
20170810011,70
20170810012,29
20170810013,16
20170810014,9
20170810021,58
20170810022,25
20170810023,14
20170810024,7
20170810031,50
20170810032,21
20170810033,12
20170810034,6
20170810041,44
20170810042,17
20170810043,10
20170810044,5
20170810051,41
20170810052,17
20170810053,10
20170810054,5
20170810061,47
20170810062,17
20170810063,11
20170810064,5
20170810071,56
20170810072,19
20170810073,14
20170810074,6
20170810081,63
20170810082,20
20170810083,17
20170810084,7
20170810091,77
20170810092,22
20170810093,23
20170810094,10
20170810101,102
20170810102,25
20170810103,30
20170810104,13
20170810111,114
20170810112,31
20170810113,35
20170810114,14
20170810121,114
20170810122,33
20170810123,32
20170810124,14
20170810131,105
20170810132,31
20170810133,30
20170810134,14
20170810141,114
20170810142,38
20170810143,33
20170810144,16
20170810151,113
20170810152,37
20170810153,28
20170810154,16
20170810161,109
20170810162,36
20170810163,27
20170810164,16
20170810171,110
20170810172,35
20170810173,26
20170810174,16
20170810181,113
20170810182,38
20170810183,27
20170810184,15
20170810191,115
20170810192,41
20170810193,26
20170810194,15
20170810201,109
20170810202,39
20170810203,25
20170810204,16
20170810211,102
20170810212,34
20170810213,25
20170810214,15
20170810221,96
20170810222,32
20170810223,26
20170810224,15
20170810231,92
20170810232,32
20170810233,24
20170810234,13
20170811001,83
20170811002,31
20170811003,24
20170811004,10
20170811011,69
20170811012,27
20170811013,17
20170811014,7
20170811021,58
20170811022,23
20170811023,14
20170811024,6
20170811031,50
20170811032,20
20170811033,11
20170811034,5
20170811041,43
20170811042,17
20170811043,9
20170811044,5
20170811051,40
20170811052,16
20170811053,9
20170811054,5
20170811061,46
20170811062,16
20170811063,10
20170811064,5
20170811071,54
20170811072,19
20170811073,12
20170811074,5
20170811081,62
20170811082,19
20170811083,15
20170811084,7
20170811091,73
20170811092,21
20170811093,18
20170811094,9
20170811101,92
20170811102,24
20170811103,27
20170811104,12
20170811111,104
20170811112,28
20170811113,32
20170811114,13
20170811121,106
20170811122,31
20170811123,29
20170811124,14
20170811131,95
20170811132,30
20170811133,27
20170811134,12
20170811141,105
20170811142,33
20170811143,32
20170811144,14
20170811151,103
20170811152,32
20170811153,28
20170811154,14
20170811161,96
20170811162,31
20170811163,25
20170811164,15
20170811171,95
20170811172,31
20170811173,26
20170811174,15
20170811181,102
20170811182,33
20170811183,27
20170811184,15
20170811191,102
20170811192,34
20170811193,26
20170811194,15
20170811201,96
20170811202,32
20170811203,25
20170811204,17
20170811211,90
20170811212,29
20170811213,25
20170811214,15
20170811221,86
20170811222,28
20170811223,26
20170811224,16
20170811231,82
20170811232,27
20170811233,25
20170811234,14
20170812001,72
20170812002,28
20170812003,21
20170812004,10
20170812011,59
20170812012,24
20170812013,14
20170812014,8
20170812021,50
20170812022,20
20170812023,11
20170812024,6
20170812031,42
20170812032,17
20170812033,9
20170812034,5
20170812041,37
20170812042,14
20170812043,8
20170812044,5
20170812051,33
20170812052,13
20170812053,8
20170812054,4
20170812061,36
20170812062,12
20170812063,8
20170812064,5
20170812071,41
20170812072,12
20170812073,10
20170812074,5
20170812081,46
20170812082,13
20170812083,12
20170812084,7
20170812091,52
20170812092,15
20170812093,16
20170812094,9
20170812101,62
20170812102,17
20170812103,21
20170812104,10
20170812111,67
20170812112,18
20170812113,24
20170812114,11
20170812121,67
20170812122,17
20170812123,25
20170812124,13
20170812131,60
20170812132,17
20170812133,24
20170812134,14
20170812141,59
20170812142,17
20170812143,28
20170812144,14
20170812151,58
20170812152,17
20170812153,24
20170812154,14
20170812161,57
20170812162,18
20170812163,23
20170812164,14
20170812171,57
20170812172,18
20170812173,24
20170812174,14
20170812181,60
20170812182,18
20170812183,29
20170812184,14
20170812191,65
20170812192,20
20170812193,27
20170812194,14
20170812201,68
20170812202,19
20170812203,25
20170812204,16
20170812211,66
20170812212,18
20170812213,24
20170812214,15
20170812221,63
20170812222,19
20170812223,26
20170812224,16
20170812231,62
20170812232,19
20170812233,23
20170812234,14
20170813001,56
20170813002,19
20170813003,21
20170813004,10
20170813011,47
20170813012,17
20170813013,15
20170813014,8
20170813021,39
20170813022,16
20170813023,12
20170813024,6
20170813031,35
20170813032,14
20170813033,9
20170813034,6
20170813041,30
20170813042,12
20170813043,8
20170813044,5
20170813051,28
20170813052,11
20170813053,7
20170813054,5
20170813061,31
20170813062,11
20170813063,8
20170813064,5
20170813071,35
20170813072,11
20170813073,10
20170813074,5
20170813081,40
20170813082,12
20170813083,12
20170813084,7
20170813091,46
20170813092,13
20170813093,14
20170813094,9
20170813101,54
20170813102,14
20170813103,19
20170813104,10
20170813111,61
20170813112,16
20170813113,23
20170813114,11
20170813121,64
20170813122,16
20170813123,25
20170813124,13
20170813131,58
20170813132,15
20170813133,24
20170813134,12
20170813141,57
20170813142,16
20170813143,27
20170813144,12
20170813151,56
20170813152,16
20170813153,24
20170813154,12
20170813161,54
20170813162,17
20170813163,23
20170813164,12
20170813171,55
20170813172,18
20170813173,24
20170813174,12
20170813181,61
20170813182,18
20170813183,28
20170813184,11
20170813191,66
20170813192,19
20170813193,25
20170813194,12
20170813201,66
20170813202,19
20170813203,24
20170813204,14
20170813211,65
20170813212,19
20170813213,24
20170813214,13
20170813221,65
20170813222,20
20170813223,25
20170813224,13
20170813231,64
20170813232,20
20170813233,24
20170813234,13
20170814001,58
20170814002,20
20170814003,22
20170814004,10
20170814011,50
20170814012,18
20170814013,16
20170814014,8
20170814021,43
20170814022,17
20170814023,12
20170814024,6
20170814031,38
20170814032,16
20170814033,9
20170814034,6
20170814041,35
20170814042,14
20170814043,8
20170814044,5
20170814051,35
20170814052,14
20170814053,7
20170814054,5
20170814061,42
20170814062,14
20170814063,8
20170814064,5
20170814071,49
20170814072,16
20170814073,10
20170814074,6
20170814081,57
20170814082,18
20170814083,12
20170814084,6
20170814091,70
20170814092,21
20170814093,16
20170814094,9
20170814101,96
20170814102,22
20170814103,24
20170814104,12
20170814111,120
20170814112,26
20170814113,29
20170814114,14
20170814121,118
20170814122,31
20170814123,30
20170814124,16
20170814131,107
20170814132,31
20170814133,27
20170814134,14
20170814141,116
20170814142,33
20170814143,31
20170814144,14
20170814151,114
20170814152,34
20170814153,28
20170814154,15
20170814161,110
20170814162,34
20170814163,27
20170814164,15
20170814171,110
20170814172,35
20170814173,29
20170814174,15
20170814181,117
20170814182,38
20170814183,31
20170814184,15
20170814191,116
20170814192,39
20170814193,27
20170814194,15
20170814201,108
20170814202,39
20170814203,27
20170814204,16
20170814211,99
20170814212,37
20170814213,26
20170814214,15
20170814221,92
20170814222,36
20170814223,27
20170814224,16
20170814231,89
20170814232,35
20170814233,26
20170814234,14
20170815001,81
20170815002,33
20170815003,24
20170815004,9
20170815011,71
20170815012,30
20170815013,17
20170815014,8
20170815021,59
20170815022,26
20170815023,13
20170815024,6
20170815031,51
20170815032,21
20170815033,10
20170815034,6
20170815041,43
20170815042,17
20170815043,8
20170815044,5
20170815051,41
20170815052,16
20170815053,8
20170815054,5
20170815061,46
20170815062,16
20170815063,9
20170815064,5
20170815071,54
20170815072,19
20170815073,11
20170815074,5
20170815081,62
20170815082,19
20170815083,13
20170815084,7
20170815091,75
20170815092,22
20170815093,18
20170815094,9
20170815101,97
20170815102,24
20170815103,26
20170815104,11
20170815111,112
20170815112,29
20170815113,31
20170815114,13
20170815121,113
20170815122,34
20170815123,31
20170815124,15
20170815131,106
20170815132,33
20170815133,30
20170815134,13
20170815141,114
20170815142,37
20170815143,35
20170815144,15
20170815151,113
20170815152,37
20170815153,31
20170815154,14
20170815161,109
20170815162,37
20170815163,28
20170815164,14
20170815171,109
20170815172,38
20170815173,28
20170815174,14
20170815181,114
20170815182,41
20170815183,32
20170815184,15
20170815191,117
20170815192,42
20170815193,28
20170815194,15
20170815201,109
20170815202,41
20170815203,28
20170815204,16
20170815211,100
20170815212,38
20170815213,26
20170815214,15
20170815221,94
20170815222,36
20170815223,28
20170815224,16
20170815231,88
20170815232,35
20170815233,26
20170815234,14
20170816001,82
20170816002,33
20170816003,26
20170816004,10
20170816011,70
20170816012,30
20170816013,18
20170816014,8
20170816021,58
20170816022,25
20170816023,13
20170816024,6
20170816031,51
20170816032,21
20170816033,11
20170816034,6
20170816041,43
20170816042,17
20170816043,9
20170816044,5
20170816051,41
20170816052,16
20170816053,8
20170816054,5
20170816061,46
20170816062,17
20170816063,9
20170816064,5
20170816071,56
20170816072,19
20170816073,11
20170816074,5
20170816081,63
20170816082,20
20170816083,14
20170816084,7
20170816091,76
20170816092,22
20170816093,19
20170816094,9
20170816101,101
20170816102,25
20170816103,27
20170816104,12
20170816111,112
20170816112,31
20170816113,33
20170816114,14
20170816121,113
20170816122,34
20170816123,36
20170816124,15
20170816131,104
20170816132,32
20170816133,34
20170816134,14
20170816141,113
20170816142,38
20170816143,39
20170816144,14
20170816151,110
20170816152,39
20170816153,37
20170816154,15
20170816161,106
20170816162,38
20170816163,36
20170816164,15
20170816171,108
20170816172,38
20170816173,32
20170816174,14
20170816181,112
20170816182,40
20170816183,33
20170816184,13
20170816191,114
20170816192,42
20170816193,29
20170816194,14
20170816201,109
20170816202,41
20170816203,28
20170816204,16
20170816211,101
20170816212,37
20170816213,26
20170816214,15
20170816221,96
20170816222,34
20170816223,26
20170816224,15
20170816231,92
20170816232,34
20170816233,24
20170816234,14
20170817001,83
20170817002,33
20170817003,26
20170817004,10
20170817011,70
20170817012,30
20170817013,17
20170817014,9
20170817021,57
20170817022,25
20170817023,14
20170817024,6
20170817031,49
20170817032,21
20170817033,11
20170817034,6
20170817041,43
20170817042,17
20170817043,9
20170817044,5
20170817051,40
20170817052,17
20170817053,8
20170817054,5
20170817061,46
20170817062,17
20170817063,9
20170817064,5
20170817071,56
20170817072,19
20170817073,11
20170817074,5
20170817081,63
20170817082,20
20170817083,14
20170817084,7
20170817091,78
20170817092,22
20170817093,19
20170817094,9
20170817101,103
20170817102,26
20170817103,26
20170817104,12
20170817111,113
20170817112,31
20170817113,33
20170817114,14
20170817121,113
20170817122,33
20170817123,34
20170817124,16
20170817131,105
20170817132,31
20170817133,33
20170817134,14
20170817141,113
20170817142,38
20170817143,39
20170817144,15
20170817151,111
20170817152,37
20170817153,36
20170817154,15
20170817161,106
20170817162,36
20170817163,32
20170817164,16
20170817171,108
20170817172,37
20170817173,32
20170817174,16
20170817181,113
20170817182,39
20170817183,35
20170817184,15
20170817191,115
20170817192,41
20170817193,33
20170817194,14
20170817201,108
20170817202,41
20170817203,31
20170817204,16
20170817211,100
20170817212,35
20170817213,29
20170817214,15
20170817221,94
20170817222,33
20170817223,29
20170817224,16
20170817231,91
20170817232,33
20170817233,27
20170817234,14
20170818001,81
20170818002,32
20170818003,25
20170818004,10
20170818011,68
20170818012,28
20170818013,16
20170818014,7
20170818021,57
20170818022,24
20170818023,13
20170818024,6
20170818031,48
20170818032,20
20170818033,10
20170818034,5
20170818041,42
20170818042,17
20170818043,8
20170818044,5
20170818051,40
20170818052,16
20170818053,8
20170818054,5
20170818061,45
20170818062,16
20170818063,9
20170818064,5
20170818071,54
20170818072,18
20170818073,11
20170818074,5
20170818081,61
20170818082,19
20170818083,14
20170818084,6
20170818091,72
20170818092,22
20170818093,20
20170818094,9
20170818101,90
20170818102,25
20170818103,28
20170818104,11
20170818111,103
20170818112,29
20170818113,34
20170818114,13
20170818121,106
20170818122,32
20170818123,37
20170818124,14
20170818131,95
20170818132,30
20170818133,36
20170818134,13
20170818141,103
20170818142,33
20170818143,38
20170818144,15
20170818151,101
20170818152,33
20170818153,34
20170818154,16
20170818161,95
20170818162,32
20170818163,32
20170818164,16
20170818171,94
20170818172,31
20170818173,34
20170818174,16
20170818181,101
20170818182,34
20170818183,36
20170818184,15
20170818191,103
20170818192,34
20170818193,33
20170818194,15
20170818201,95
20170818202,33
20170818203,31
20170818204,17
20170818211,89
20170818212,30
20170818213,29
20170818214,15
20170818221,84
20170818222,28
20170818223,28
20170818224,16
20170818231,81
20170818232,28
20170818233,27
20170818234,14
20170819001,71
20170819002,29
20170819003,24
20170819004,9
20170819011,58
20170819012,24
20170819013,14
20170819014,8
20170819021,49
20170819022,20
20170819023,11
20170819024,6
20170819031,41
20170819032,17
20170819033,9
20170819034,6
20170819041,35
20170819042,13
20170819043,7
20170819044,5
20170819051,33
20170819052,13
20170819053,6
20170819054,5
20170819061,36
20170819062,12
20170819063,7
20170819064,5
20170819071,41
20170819072,13
20170819073,9
20170819074,5
20170819081,46
20170819082,14
20170819083,12
20170819084,7
20170819091,53
20170819092,16
20170819093,16
20170819094,9
20170819101,63
20170819102,17
20170819103,23
20170819104,10
20170819111,69
20170819112,19
20170819113,29
20170819114,11
20170819121,70
20170819122,17
20170819123,29
20170819124,13
20170819131,63
20170819132,18
20170819133,29
20170819134,11
20170819141,61
20170819142,17
20170819143,31
20170819144,13
20170819151,58
20170819152,17
20170819153,29
20170819154,13
20170819161,57
20170819162,18
20170819163,29
20170819164,14
20170819171,56
20170819172,18
20170819173,31
20170819174,14
20170819181,60
20170819182,19
20170819183,35
20170819184,14
20170819191,65
20170819192,20
20170819193,48
20170819194,14
20170819201,67
20170819202,20
20170819203,52
20170819204,16
20170819211,64
20170819212,19
20170819213,47
20170819214,15
20170819221,62
20170819222,19
20170819223,40
20170819224,16
20170819231,61
20170819232,19
20170819233,33
20170819234,13
20170820001,56
20170820002,19
20170820003,29
20170820004,10
20170820011,47
20170820012,17
20170820013,16
20170820014,8
20170820021,40
20170820022,16
20170820023,13
20170820024,6
20170820031,35
20170820032,14
20170820033,10
20170820034,6
20170820041,30
20170820042,12
20170820043,8
20170820044,5
20170820051,28
20170820052,11
20170820053,8
20170820054,5
20170820061,31
20170820062,11
20170820063,9
20170820064,5
20170820071,35
20170820072,11
20170820073,10
20170820074,5
20170820081,40
20170820082,12
20170820083,13
20170820084,7
20170820091,46
20170820092,14
20170820093,16
20170820094,9
20170820101,54
20170820102,15
20170820103,22
20170820104,9
20170820111,61
20170820112,17
20170820113,26
20170820114,10
20170820121,66
20170820122,16
20170820123,28
20170820124,13
20170820131,59
20170820132,16
20170820133,27
20170820134,11
20170820141,58
20170820142,17
20170820143,31
20170820144,11
20170820151,56
20170820152,17
20170820153,29
20170820154,12
20170820161,54
20170820162,18
20170820163,29
20170820164,12
20170820171,55
20170820172,19
20170820173,28
20170820174,12
20170820181,60
20170820182,19
20170820183,30
20170820184,11
20170820191,66
20170820192,20
20170820193,35
20170820194,12
20170820201,66
20170820202,20
20170820203,44
20170820204,13
20170820211,64
20170820212,20
20170820213,43
20170820214,13
20170820221,64
20170820222,22
20170820223,35
20170820224,13
20170820231,63
20170820232,21
20170820233,33
20170820234,13
20170821001,58
20170821002,20
20170821003,35
20170821004,10
20170821011,50
20170821012,19
20170821013,17
20170821014,8
20170821021,42
20170821022,17
20170821023,12
20170821024,6
20170821031,37
20170821032,16
20170821033,9
20170821034,6
20170821041,34
20170821042,14
20170821043,8
20170821044,5
20170821051,35
20170821052,13
20170821053,8
20170821054,5
20170821061,41
20170821062,14
20170821063,8
20170821064,5
20170821071,48
20170821072,16
20170821073,11
20170821074,5
20170821081,58
20170821082,18
20170821083,14
20170821084,6
20170821091,72
20170821092,21
20170821093,17
20170821094,9
20170821101,98
20170821102,23
20170821103,26
20170821104,12
20170821111,119
20170821112,28
20170821113,29
20170821114,14
20170821121,118
20170821122,32
20170821123,29
20170821124,17
20170821131,107
20170821132,31
20170821133,28
20170821134,14
20170821141,114
20170821142,34
20170821143,33
20170821144,15
20170821151,113
20170821152,34
20170821153,30
20170821154,15
20170821161,109
20170821162,34
20170821163,28
20170821164,15
20170821171,111
20170821172,35
20170821173,28
20170821174,16
20170821181,114
20170821182,37
20170821183,28
20170821184,15
20170821191,118
20170821192,38
20170821193,27
20170821194,15
20170821201,110
20170821202,39
20170821203,34
20170821204,17
20170821211,100
20170821212,36
20170821213,32
20170821214,15
20170821221,92
20170821222,36
20170821223,29
20170821224,15
20170821231,90
20170821232,35
20170821233,26
20170821234,13
20170822001,82
20170822002,33
20170822003,24
20170822004,10
20170822011,71
20170822012,30
20170822013,15
20170822014,8
20170822021,59
20170822022,26
20170822023,12
20170822024,6
20170822031,51
20170822032,21
20170822033,9
20170822034,6
20170822041,43
20170822042,17
20170822043,8
20170822044,5
20170822051,41
20170822052,16
20170822053,8
20170822054,5
20170822061,46
20170822062,16
20170822063,8
20170822064,5
20170822071,54
20170822072,19
20170822073,10
20170822074,6
20170822081,62
20170822082,20
20170822083,13
20170822084,7
20170822091,76
20170822092,22
20170822093,17
20170822094,9
20170822101,99
20170822102,24
20170822103,24
20170822104,11
20170822111,114
20170822112,31
20170822113,27
20170822114,13
20170822121,116
20170822122,35
20170822123,27
20170822124,15
20170822131,107
20170822132,34
20170822133,26
20170822134,14
20170822141,115
20170822142,37
20170822143,32
20170822144,15
20170822151,114
20170822152,37
20170822153,28
20170822154,15
20170822161,110
20170822162,36
20170822163,25
20170822164,15
20170822171,110
20170822172,37
20170822173,25
20170822174,15
20170822181,113
20170822182,39
20170822183,26
20170822184,14
20170822191,117
20170822192,41
20170822193,24
20170822194,15
20170822201,109
20170822202,41
20170822203,25
20170822204,16
20170822211,101
20170822212,37
20170822213,25
20170822214,16
20170822221,93
20170822222,35
20170822223,24
20170822224,17
20170822231,88
20170822232,35
20170822233,22
20170822234,14
20170823001,81
20170823002,33
20170823003,23
20170823004,10
20170823011,69
20170823012,30
20170823013,14
20170823014,8
20170823021,58
20170823022,25
20170823023,10
20170823024,6
20170823031,51
20170823032,21
20170823033,9
20170823034,6
20170823041,43
20170823042,17
20170823043,7
20170823044,5
20170823051,41
20170823052,16
20170823053,7
20170823054,5
20170823061,46
20170823062,17
20170823063,8
20170823064,5
20170823071,56
20170823072,19
20170823073,9
20170823074,5
20170823081,63
20170823082,20
20170823083,12
20170823084,7
20170823091,76
20170823092,22
20170823093,16
20170823094,9
20170823101,101
20170823102,25
20170823103,22
20170823104,11
20170823111,114
20170823112,31
20170823113,26
20170823114,13
20170823121,114
20170823122,34
20170823123,27
20170823124,15
20170823131,106
20170823132,31
20170823133,25
20170823134,13
20170823141,115
20170823142,38
20170823143,31
20170823144,14
20170823151,112
20170823152,38
20170823153,28
20170823154,14
20170823161,108
20170823162,37
20170823163,24
20170823164,14
20170823171,110
20170823172,38
20170823173,24
20170823174,14
20170823181,114
20170823182,40
20170823183,25
20170823184,14
20170823191,117
20170823192,42
20170823193,24
20170823194,14
20170823201,109
20170823202,40
20170823203,24
20170823204,16
20170823211,102
20170823212,37
20170823213,23
20170823214,15
20170823221,96
20170823222,34
20170823223,22
20170823224,16
20170823231,93
20170823232,34
20170823233,22
20170823234,14
20170824001,85
20170824002,33
20170824003,22
20170824004,10
20170824011,72
20170824012,29
20170824013,14
20170824014,9
20170824021,59
20170824022,24
20170824023,11
20170824024,7
20170824031,51
20170824032,21
20170824033,9
20170824034,6
20170824041,43
20170824042,17
20170824043,7
20170824044,6
20170824051,40
20170824052,17
20170824053,7
20170824054,5
20170824061,46
20170824062,17
20170824063,8
20170824064,6
20170824071,56
20170824072,19
20170824073,9
20170824074,6
20170824081,63
20170824082,20
20170824083,11
20170824084,7
20170824091,78
20170824092,22
20170824093,15
20170824094,9
20170824101,103
20170824102,25
20170824103,21
20170824104,12
20170824111,115
20170824112,31
20170824113,25
20170824114,14
20170824121,115
20170824122,34
20170824123,25
20170824124,15
20170824131,106
20170824132,31
20170824133,24
20170824134,15
20170824141,115
20170824142,37
20170824143,29
20170824144,16
20170824151,112
20170824152,36
20170824153,25
20170824154,17
20170824161,109
20170824162,35
20170824163,23
20170824164,16
20170824171,110
20170824172,36
20170824173,24
20170824174,16
20170824181,114
20170824182,38
20170824183,25
20170824184,15
20170824191,118
20170824192,41
20170824193,24
20170824194,16
20170824201,109
20170824202,40
20170824203,22
20170824204,16
20170824211,102
20170824212,36
20170824213,22
20170824214,15
20170824221,96
20170824222,32
20170824223,22
20170824224,15
20170824231,93
20170824232,33
20170824233,20
20170824234,14
20170825001,82
20170825002,31
20170825003,21
20170825004,9
20170825011,68
20170825012,27
20170825013,14
20170825014,7
20170825021,57
20170825022,24
20170825023,11
20170825024,6
20170825031,48
20170825032,20
20170825033,9
20170825034,6
20170825041,41
20170825042,17
20170825043,7
20170825044,5
20170825051,40
20170825052,16
20170825053,7
20170825054,5
20170825061,46
20170825062,16
20170825063,8
20170825064,5
20170825071,55
20170825072,18
20170825073,9
20170825074,5
20170825081,63
20170825082,19
20170825083,11
20170825084,6
20170825091,74
20170825092,21
20170825093,15
20170825094,9
20170825101,93
20170825102,24
20170825103,20
20170825104,11
20170825111,106
20170825112,29
20170825113,24
20170825114,13
20170825121,108
20170825122,32
20170825123,26
20170825124,13
20170825131,97
20170825132,29
20170825133,24
20170825134,13
20170825141,106
20170825142,32
20170825143,28
20170825144,13
20170825151,105
20170825152,32
20170825153,25
20170825154,14
20170825161,98
20170825162,30
20170825163,25
20170825164,15
20170825171,97
20170825172,31
20170825173,25
20170825174,15
20170825181,103
20170825182,33
20170825183,27
20170825184,14
20170825191,105
20170825192,34
20170825193,25
20170825194,15
20170825201,98
20170825202,33
20170825203,25
20170825204,16
20170825211,91
20170825212,30
20170825213,24
20170825214,15
20170825221,87
20170825222,28
20170825223,24
20170825224,16
20170825231,83
20170825232,27
20170825233,22
20170825234,14
20170826001,73
20170826002,28
20170826003,20
20170826004,10
20170826011,59
20170826012,24
20170826013,14
20170826014,7
20170826021,50
20170826022,20
20170826023,11
20170826024,6
20170826031,42
20170826032,17
20170826033,8
20170826034,6
20170826041,37
20170826042,13
20170826043,7
20170826044,5
20170826051,33
20170826052,12
20170826053,7
20170826054,5
20170826061,37
20170826062,12
20170826063,7
20170826064,5
20170826071,41
20170826072,12
20170826073,8
20170826074,5
20170826081,47
20170826082,12
20170826083,11
20170826084,7
20170826091,56
20170826092,14
20170826093,14
20170826094,9
20170826101,69
20170826102,17
20170826103,19
20170826104,10
20170826111,75
20170826112,17
20170826113,24
20170826114,10
20170826121,76
20170826122,17
20170826123,26
20170826124,13
20170826131,68
20170826132,17
20170826133,25
20170826134,13
20170826141,68
20170826142,16
20170826143,28
20170826144,14
20170826151,65
20170826152,16
20170826153,25
20170826154,16
20170826161,61
20170826162,17
20170826163,25
20170826164,16
20170826171,60
20170826172,17
20170826173,27
20170826174,15
20170826181,62
20170826182,18
20170826183,30
20170826184,15
20170826191,67
20170826192,20
20170826193,33
20170826194,15
20170826201,69
20170826202,19
20170826203,34
20170826204,16
20170826211,67
20170826212,18
20170826213,33
20170826214,15
20170826221,64
20170826222,19
20170826223,31
20170826224,15
20170826231,62
20170826232,19
20170826233,28
20170826234,14
20170827001,58
20170827002,19
20170827003,23
20170827004,9
20170827011,49
20170827012,17
20170827013,16
20170827014,7
20170827021,42
20170827022,15
20170827023,12
20170827024,6
20170827031,36
20170827032,14
20170827033,9
20170827034,6
20170827041,31
20170827042,11
20170827043,8
20170827044,5
20170827051,29
20170827052,11
20170827053,7
20170827054,5
20170827061,31
20170827062,10
20170827063,8
20170827064,5
20170827071,36
20170827072,11
20170827073,10
20170827074,5
20170827081,40
20170827082,11
20170827083,12
20170827084,7
20170827091,48
20170827092,12
20170827093,14
20170827094,8
20170827101,58
20170827102,14
20170827103,19
20170827104,9
20170827111,66
20170827112,16
20170827113,24
20170827114,10
20170827121,70
20170827122,15
20170827123,28
20170827124,11
20170827131,64
20170827132,15
20170827133,26
20170827134,11
20170827141,63
20170827142,16
20170827143,30
20170827144,11
20170827151,61
20170827152,16
20170827153,27
20170827154,11
20170827161,59
20170827162,18
20170827163,26
20170827164,11
20170827171,58
20170827172,18
20170827173,27
20170827174,10
20170827181,62
20170827182,18
20170827183,34
20170827184,11
20170827191,66
20170827192,20
20170827193,35
20170827194,11
20170827201,66
20170827202,20
20170827203,35
20170827204,12
20170827211,64
20170827212,20
20170827213,33
20170827214,12
20170827221,64
20170827222,21
20170827223,33
20170827224,12
20170827231,63
20170827232,20
20170827233,30
20170827234,12
20170828001,58
20170828002,20
20170828003,29
20170828004,9
20170828011,49
20170828012,18
20170828013,18
20170828014,7
20170828021,42
20170828022,17
20170828023,14
20170828024,6
20170828031,37
20170828032,15
20170828033,11
20170828034,5
20170828041,34
20170828042,14
20170828043,9
20170828044,4
20170828051,35
20170828052,13
20170828053,8
20170828054,4
20170828061,41
20170828062,14
20170828063,9
20170828064,4
20170828071,48
20170828072,16
20170828073,11
20170828074,5
20170828081,57
20170828082,17
20170828083,13
20170828084,6
20170828091,72
20170828092,20
20170828093,17
20170828094,9
20170828101,100
20170828102,22
20170828103,25
20170828104,12
20170828111,120
20170828112,26
20170828113,31
20170828114,14
20170828121,120
20170828122,31
20170828123,34
20170828124,17
20170828131,108
20170828132,31
20170828133,32
20170828134,14
20170828141,114
20170828142,33
20170828143,36
20170828144,15
20170828151,112
20170828152,33
20170828153,33
20170828154,16
20170828161,109
20170828162,33
20170828163,31
20170828164,17
20170828171,110
20170828172,33
20170828173,30
20170828174,17
20170828181,113
20170828182,36
20170828183,32
20170828184,16
20170828191,116
20170828192,38
20170828193,30
20170828194,16
20170828201,109
20170828202,38
20170828203,31
20170828204,17
20170828211,99
20170828212,36
20170828213,29
20170828214,16
20170828221,92
20170828222,35
20170828223,30
20170828224,17
20170828231,90
20170828232,34
20170828233,29
20170828234,14
20170829001,82
20170829002,33
20170829003,27
20170829004,9
20170829011,70
20170829012,29
20170829013,17
20170829014,7
20170829021,59
20170829022,25
20170829023,13
20170829024,6
20170829031,51
20170829032,21
20170829033,10
20170829034,5
20170829041,44
20170829042,17
20170829043,9
20170829044,5
20170829051,41
20170829052,15
20170829053,8
20170829054,5
20170829061,47
20170829062,16
20170829063,9
20170829064,5
20170829071,56
20170829072,18
20170829073,11
20170829074,5
20170829081,62
20170829082,20
20170829083,13
20170829084,6
20170829091,77
20170829092,22
20170829093,16
20170829094,9
20170829101,101
20170829102,25
20170829103,26
20170829104,11
20170829111,115
20170829112,29
20170829113,32
20170829114,13
20170829121,116
20170829122,33
20170829123,33
20170829124,15
20170829131,107
20170829132,32
20170829133,32
20170829134,13
20170829141,115
20170829142,37
20170829143,36
20170829144,14
20170829151,113
20170829152,37
20170829153,35
20170829154,13
20170829161,108
20170829162,36
20170829163,34
20170829164,14
20170829171,110
20170829172,36
20170829173,33
20170829174,14
20170829181,114
20170829182,38
20170829183,36
20170829184,14
20170829191,117
20170829192,40
20170829193,32
20170829194,14
20170829201,109
20170829202,40
20170829203,32
20170829204,15
20170829211,102
20170829212,36
20170829213,31
20170829214,16
20170829221,95
20170829222,34
20170829223,32
20170829224,16
20170829231,91
20170829232,33
20170829233,29
20170829234,15
20170830001,81
20170830002,33
20170830003,27
20170830004,10
20170830011,69
20170830012,29
20170830013,18
20170830014,9
20170830021,58
20170830022,24
20170830023,14
20170830024,7
20170830031,50
20170830032,21
20170830033,10
20170830034,6
20170830041,43
20170830042,17
20170830043,9
20170830044,5
20170830051,41
20170830052,16
20170830053,8
20170830054,5
20170830061,47
20170830062,17
20170830063,9
20170830064,5
20170830071,56
20170830072,18
20170830073,11
20170830074,6
20170830081,63
20170830082,19
20170830083,14
20170830084,7
20170830091,76
20170830092,22
20170830093,18
20170830094,9
20170830101,101
20170830102,25
20170830103,26
20170830104,12
20170830111,114
20170830112,30
20170830113,32
20170830114,14
20170830121,115
20170830122,34
20170830123,33
20170830124,15
20170830131,106
20170830132,31
20170830133,33
20170830134,15
20170830141,114
20170830142,37
20170830143,39
20170830144,15
20170830151,112
20170830152,37
20170830153,38
20170830154,16
20170830161,108
20170830162,35
20170830163,36
20170830164,16
20170830171,110
20170830172,36
20170830173,35
20170830174,16
20170830181,113
20170830182,39
20170830183,38
20170830184,15
20170830191,116
20170830192,41
20170830193,36
20170830194,15
20170830201,108
20170830202,39
20170830203,35
20170830204,17
20170830211,101
20170830212,36
20170830213,33
20170830214,15
20170830221,94
20170830222,33
20170830223,32
20170830224,16
20170830231,89
20170830232,34
20170830233,29
20170830234,14
20170831001,82
20170831002,33
20170831003,28
20170831004,10
20170831011,69
20170831012,29
20170831013,19
20170831014,8
20170831021,58
20170831022,24
20170831023,13
20170831024,6
20170831031,49
20170831032,21
20170831033,10
20170831034,6
20170831041,43
20170831042,17
20170831043,8
20170831044,5
20170831051,40
20170831052,16
20170831053,8
20170831054,5
20170831061,47
20170831062,17
20170831063,9
20170831064,5
20170831071,55
20170831072,18
20170831073,11
20170831074,6
20170831081,63
20170831082,19
20170831083,14
20170831084,7
20170831091,77
20170831092,22
20170831093,19
20170831094,9
20170831101,102
20170831102,25
20170831103,28
20170831104,12
20170831111,114
20170831112,30
20170831113,34
20170831114,13
20170831121,115
20170831122,33
20170831123,37
20170831124,14
20170831131,106
20170831132,31
20170831133,35
20170831134,13
20170831141,114
20170831142,36
20170831143,41
20170831144,14
20170831151,112
20170831152,36
20170831153,39
20170831154,16
20170831161,107
20170831162,34
20170831163,35
20170831164,16
20170831171,109
20170831172,34
20170831173,34
20170831174,16
20170831181,113
20170831182,37
20170831183,36
20170831184,15
20170831191,115
20170831192,38
20170831193,34
20170831194,15
20170831201,105
20170831202,38
20170831203,33
20170831204,16
20170831211,99
20170831212,33
20170831213,32
20170831214,16
20170831221,89
20170831222,31
20170831223,32
20170831224,16
20170831231,88
20170831232,31
20170831233,30
20170831234,15
20170901001,79
20170901002,29
20170901003,27
20170901004,10
20170901011,67
20170901012,27
20170901013,20
20170901014,9
20170901021,59
20170901022,23
20170901023,16
20170901024,6
20170901031,49
20170901032,20
20170901033,12
20170901034,5
20170901041,42
20170901042,17
20170901043,10
20170901044,5
20170901051,40
20170901052,16
20170901053,9
20170901054,5
20170901061,45
20170901062,16
20170901063,10
20170901064,5
20170901071,52
20170901072,18
20170901073,13
20170901074,5
20170901081,61
20170901082,19
20170901083,16
20170901084,7
20170901091,74
20170901092,21
20170901093,22
20170901094,9
20170901101,93
20170901102,23
20170901103,29
20170901104,12
20170901111,104
20170901112,28
20170901113,34
20170901114,13
20170901121,107
20170901122,30
20170901123,34
20170901124,15
20170901131,96
20170901132,29
20170901133,31
20170901134,14
20170901141,105
20170901142,32
20170901143,38
20170901144,15
20170901151,103
20170901152,31
20170901153,34
20170901154,15
20170901161,97
20170901162,30
20170901163,31
20170901164,16
20170901171,96
20170901172,30
20170901173,30
20170901174,15
20170901181,101
20170901182,32
20170901183,32
20170901184,14
20170901191,104
20170901192,32
20170901193,29
20170901194,16
20170901201,97
20170901202,32
20170901203,27
20170901204,17
20170901211,90
20170901212,28
20170901213,28
20170901214,14
20170901221,86
20170901222,27
20170901223,29
20170901224,16
20170901231,83
20170901232,27
20170901233,26
20170901234,13
20170902001,72
20170902002,27
20170902003,23
20170902004,10
20170902011,61
20170902012,23
20170902013,15
20170902014,9
20170902021,50
20170902022,20
20170902023,13
20170902024,6
20170902031,42
20170902032,17
20170902033,10
20170902034,6
20170902041,35
20170902042,13
20170902043,9
20170902044,5
20170902051,33
20170902052,12
20170902053,8
20170902054,5
20170902061,36
20170902062,11
20170902063,8
20170902064,5
20170902071,40
20170902072,12
20170902073,10
20170902074,6
20170902081,45
20170902082,13
20170902083,14
20170902084,7
20170902091,54
20170902092,15
20170902093,18
20170902094,9
20170902101,66
20170902102,17
20170902103,23
20170902104,10
20170902111,74
20170902112,18
20170902113,27
20170902114,12
20170902121,77
20170902122,17
20170902123,28
20170902124,13
20170902131,69
20170902132,17
20170902133,26
20170902134,14
20170902141,69
20170902142,17
20170902143,30
20170902144,14
20170902151,65
20170902152,17
20170902153,29
20170902154,15
20170902161,61
20170902162,18
20170902163,28
20170902164,16
20170902171,59
20170902172,17
20170902173,30
20170902174,16
20170902181,62
20170902182,18
20170902183,35
20170902184,15
20170902191,66
20170902192,19
20170902193,43
20170902194,15
20170902201,69
20170902202,19
20170902203,45
20170902204,16
20170902211,68
20170902212,19
20170902213,39
20170902214,16
20170902221,67
20170902222,19
20170902223,35
20170902224,15
20170902231,66
20170902232,19
20170902233,30
20170902234,13
20170903001,61
20170903002,19
20170903003,32
20170903004,10
20170903011,52
20170903012,17
20170903013,21
20170903014,8
20170903021,43
20170903022,15
20170903023,15
20170903024,6
20170903031,37
20170903032,14
20170903033,12
20170903034,6
20170903041,32
20170903042,11
20170903043,9
20170903044,5
20170903051,29
20170903052,11
20170903053,8
20170903054,5
20170903061,31
20170903062,11
20170903063,9
20170903064,5
20170903071,35
20170903072,11
20170903073,11
20170903074,5
20170903081,40
20170903082,12
20170903083,13
20170903084,7
20170903091,46
20170903092,13
20170903093,16
20170903094,9
20170903101,55
20170903102,14
20170903103,21
20170903104,10
20170903111,64
20170903112,16
20170903113,26
20170903114,11
20170903121,70
20170903122,16
20170903123,28
20170903124,14
20170903131,65
20170903132,15
20170903133,27
20170903134,14
20170903141,66
20170903142,16
20170903143,31
20170903144,14
20170903151,63
20170903152,16
20170903153,29
20170903154,14
20170903161,60
20170903162,17
20170903163,27
20170903164,14
20170903171,60
20170903172,18
20170903173,27
20170903174,15
20170903181,66
20170903182,18
20170903183,29
20170903184,15
20170903191,70
20170903192,19
20170903193,30
20170903194,15
20170903201,70
20170903202,20
20170903203,32
20170903204,16
20170903211,69
20170903212,19
20170903213,36
20170903214,14
20170903221,68
20170903222,20
20170903223,32
20170903224,15
20170903231,66
20170903232,20
20170903233,29
20170903234,15
20170904001,61
20170904002,21
20170904003,31
20170904004,10
20170904011,52
20170904012,19
20170904013,22
20170904014,8
20170904021,44
20170904022,17
20170904023,15
20170904024,6
20170904031,38
20170904032,16
20170904033,11
20170904034,6
20170904041,34
20170904042,15
20170904043,8
20170904044,5
20170904051,34
20170904052,14
20170904053,8
20170904054,4
20170904061,40
20170904062,15
20170904063,9
20170904064,4
20170904071,46
20170904072,16
20170904073,11
20170904074,5
20170904081,54
20170904082,18
20170904083,13
20170904084,8
20170904091,67
20170904092,20
20170904093,17
20170904094,10
20170904101,90
20170904102,22
20170904103,25
20170904104,13
20170904111,113
20170904112,25
20170904113,29
20170904114,13
20170904121,114
20170904122,30
20170904123,30
20170904124,16
20170904131,104
20170904132,30
20170904133,27
20170904134,13
20170904141,109
20170904142,33
20170904143,31
20170904144,15
20170904151,107
20170904152,33
20170904153,28
20170904154,15
20170904161,105
20170904162,33
20170904163,27
20170904164,15
20170904171,106
20170904172,33
20170904173,27
20170904174,15
20170904181,111
20170904182,35
20170904183,30
20170904184,13
20170904191,112
20170904192,38
20170904193,27
20170904194,14
20170904201,106
20170904202,38
20170904203,27
20170904204,15
20170904211,96
20170904212,36
20170904213,26
20170904214,15
20170904221,89
20170904222,35
20170904223,25
20170904224,17
20170904231,87
20170904232,35
20170904233,24
20170904234,13
20170905001,81
20170905002,33
20170905003,22
20170905004,10
20170905011,69
20170905012,30
20170905013,17
20170905014,8
20170905021,59
20170905022,25
20170905023,13
20170905024,6
20170905031,50
20170905032,21
20170905033,10
20170905034,6
20170905041,43
20170905042,17
20170905043,9
20170905044,5
20170905051,41
20170905052,16
20170905053,8
20170905054,5
20170905061,45
20170905062,16
20170905063,9
20170905064,5
20170905071,52
20170905072,19
20170905073,11
20170905074,5
20170905081,60
20170905082,20
20170905083,13
20170905084,7
20170905091,75
20170905092,22
20170905093,17
20170905094,9
20170905101,96
20170905102,25
20170905103,24
20170905104,12
20170905111,110
20170905112,28
20170905113,28
20170905114,14
20170905121,112
20170905122,33
20170905123,28
20170905124,16
20170905131,103
20170905132,32
20170905133,27
20170905134,14
20170905141,111
20170905142,37
20170905143,32
20170905144,14
20170905151,109
20170905152,37
20170905153,28
20170905154,14
20170905161,105
20170905162,36
20170905163,26
20170905164,15
20170905171,107
20170905172,37
20170905173,26
20170905174,15
20170905181,111
20170905182,39
20170905183,30
20170905184,16
20170905191,114
20170905192,40
20170905193,27
20170905194,15
20170905201,108
20170905202,39
20170905203,25
20170905204,16
20170905211,100
20170905212,37
20170905213,25
20170905214,15
20170905221,92
20170905222,35
20170905223,25
20170905224,15
20170905231,87
20170905232,35
20170905233,24
20170905234,13
20170906001,79
20170906002,33
20170906003,23
20170906004,10
20170906011,67
20170906012,30
20170906013,17
20170906014,9
20170906021,57
20170906022,25
20170906023,14
20170906024,6
20170906031,49
20170906032,21
20170906033,11
20170906034,6
20170906041,42
20170906042,17
20170906043,9
20170906044,5
20170906051,41
20170906052,17
20170906053,8
20170906054,5
20170906061,46
20170906062,17
20170906063,9
20170906064,5
20170906071,54
20170906072,19
20170906073,11
20170906074,5
20170906081,60
20170906082,20
20170906083,13
20170906084,7
20170906091,73
20170906092,22
20170906093,18
20170906094,9
20170906101,98
20170906102,25
20170906103,25
20170906104,12
20170906111,112
20170906112,30
20170906113,28
20170906114,13
20170906121,112
20170906122,35
20170906123,27
20170906124,14
20170906131,104
20170906132,33
20170906133,26
20170906134,13
20170906141,112
20170906142,38
20170906143,32
20170906144,15
20170906151,110
20170906152,38
20170906153,30
20170906154,15
20170906161,107
20170906162,36
20170906163,27
20170906164,15
20170906171,110
20170906172,36
20170906173,26
20170906174,15
20170906181,114
20170906182,39
20170906183,29
20170906184,14
20170906191,119
20170906192,41
20170906193,26
20170906194,15
20170906201,109
20170906202,40
20170906203,25
20170906204,16
20170906211,102
20170906212,37
20170906213,24
20170906214,16
20170906221,95
20170906222,34
20170906223,28
20170906224,17
20170906231,89
20170906232,34
20170906233,28
20170906234,13
20170907001,82
20170907002,33
20170907003,25
20170907004,10
20170907011,71
20170907012,30
20170907013,17
20170907014,8
20170907021,59
20170907022,25
20170907023,14
20170907024,6
20170907031,50
20170907032,21
20170907033,11
20170907034,6
20170907041,43
20170907042,18
20170907043,8
20170907044,5
20170907051,41
20170907052,17
20170907053,8
20170907054,5
20170907061,46
20170907062,17
20170907063,9
20170907064,5
20170907071,55
20170907072,19
20170907073,11
20170907074,6
20170907081,62
20170907082,20
20170907083,13
20170907084,7
20170907091,75
20170907092,22
20170907093,19
20170907094,10
20170907101,100
20170907102,26
20170907103,27
20170907104,13
20170907111,113
20170907112,30
20170907113,28
20170907114,14
20170907121,114
20170907122,33
20170907123,27
20170907124,15
20170907131,105
20170907132,30
20170907133,26
20170907134,14
20170907141,113
20170907142,37
20170907143,32
20170907144,15
20170907151,112
20170907152,37
20170907153,28
20170907154,14
20170907161,108
20170907162,35
20170907163,27
20170907164,15
20170907171,110
20170907172,34
20170907173,27
20170907174,16
20170907181,115
20170907182,38
20170907183,33
20170907184,14
20170907191,118
20170907192,39
20170907193,30
20170907194,14
20170907201,108
20170907202,38
20170907203,31
20170907204,16
20170907211,101
20170907212,34
20170907213,30
20170907214,15
20170907221,95
20170907222,32
20170907223,31
20170907224,15
20170907231,90
20170907232,32
20170907233,32
20170907234,14
20170908001,80
20170908002,31
20170908003,39
20170908004,9
20170908011,67
20170908012,27
20170908013,25
20170908014,8
20170908021,56
20170908022,23
20170908023,18
20170908024,6
20170908031,48
20170908032,20
20170908033,15
20170908034,6
20170908041,42
20170908042,17
20170908043,11
20170908044,5
20170908051,40
20170908052,16
20170908053,9
20170908054,5
20170908061,44
20170908062,16
20170908063,10
20170908064,5
20170908071,52
20170908072,19
20170908073,13
20170908074,5
20170908081,61
20170908082,19
20170908083,15
20170908084,7
20170908091,74
20170908092,21
20170908093,22
20170908094,9
20170908101,93
20170908102,24
20170908103,31
20170908104,12
20170908111,104
20170908112,28
20170908113,34
20170908114,13
20170908121,106
20170908122,30
20170908123,34
20170908124,14
20170908131,96
20170908132,30
20170908133,32
20170908134,12
20170908141,105
20170908142,33
20170908143,35
20170908144,15
20170908151,103
20170908152,32
20170908153,32
20170908154,15
20170908161,97
20170908162,31
20170908163,30
20170908164,16
20170908171,96
20170908172,31
20170908173,28
20170908174,15
20170908181,103
20170908182,32
20170908183,31
20170908184,15
20170908191,105
20170908192,32
20170908193,28
20170908194,15
20170908201,97
20170908202,31
20170908203,27
20170908204,17
20170908211,90
20170908212,29
20170908213,26
20170908214,15
20170908221,86
20170908222,28
20170908223,27
20170908224,17
20170908231,82
20170908232,27
20170908233,24
20170908234,14
20170909001,71
20170909002,28
20170909003,26
20170909004,9
20170909011,59
20170909012,24
20170909013,18
20170909014,8
20170909021,50
20170909022,20
20170909023,14
20170909024,6
20170909031,42
20170909032,17
20170909033,11
20170909034,5
20170909041,35
20170909042,13
20170909043,9
20170909044,5
20170909051,32
20170909052,12
20170909053,8
20170909054,5
20170909061,35
20170909062,11
20170909063,9
20170909064,5
20170909071,39
20170909072,12
20170909073,10
20170909074,5
20170909081,45
20170909082,13
20170909083,12
20170909084,7
20170909091,53
20170909092,15
20170909093,18
20170909094,9
20170909101,66
20170909102,17
20170909103,25
20170909104,10
20170909111,73
20170909112,18
20170909113,30
20170909114,11
20170909121,75
20170909122,17
20170909123,31
20170909124,13
20170909131,68
20170909132,17
20170909133,28
20170909134,12
20170909141,68
20170909142,17
20170909143,32
20170909144,14
20170909151,65
20170909152,17
20170909153,32
20170909154,14
20170909161,60
20170909162,18
20170909163,40
20170909164,14
20170909171,59
20170909172,17
20170909173,45
20170909174,14
20170909181,62
20170909182,18
20170909183,50
20170909184,14
20170909191,65
20170909192,19
20170909193,47
20170909194,14
20170909201,67
20170909202,19
20170909203,49
20170909204,15
20170909211,65
20170909212,19
20170909213,42
20170909214,16
20170909221,64
20170909222,19
20170909223,38
20170909224,15
20170909231,64
20170909232,19
20170909233,33
20170909234,14
20170910001,60
20170910002,19
20170910003,34
20170910004,10
20170910011,50
20170910012,17
20170910013,21
20170910014,8
20170910021,42
20170910022,15
20170910023,16
20170910024,6
20170910031,36
20170910032,15
20170910033,13
20170910034,6
20170910041,31
20170910042,12
20170910043,11
20170910044,5
20170910051,29
20170910052,11
20170910053,9
20170910054,5
20170910061,31
20170910062,11
20170910063,10
20170910064,5
20170910071,35
20170910072,11
20170910073,12
20170910074,6
20170910081,40
20170910082,12
20170910083,15
20170910084,7
20170910091,45
20170910092,13
20170910093,19
20170910094,9
20170910101,55
20170910102,14
20170910103,25
20170910104,10
20170910111,65
20170910112,16
20170910113,29
20170910114,10
20170910121,69
20170910122,16
20170910123,28
20170910124,12
20170910131,64
20170910132,15
20170910133,28
20170910134,10
20170910141,66
20170910142,16
20170910143,32
20170910144,12
20170910151,64
20170910152,16
20170910153,32
20170910154,12
20170910161,60
20170910162,17
20170910163,40
20170910164,12
20170910171,61
20170910172,18
20170910173,47
20170910174,13
20170910181,67
20170910182,18
20170910183,44
20170910184,13
20170910191,71
20170910192,20
20170910193,48
20170910194,14
20170910201,71
20170910202,20
20170910203,42
20170910204,16
20170910211,68
20170910212,20
20170910213,41
20170910214,14
20170910221,68
20170910222,20
20170910223,36
20170910224,15
20170910231,67
20170910232,20
20170910233,33
20170910234,14
20170911001,61
20170911002,21
20170911003,32
20170911004,9
20170911011,52
20170911012,18
20170911013,25
20170911014,8
20170911021,45
20170911022,17
20170911023,18
20170911024,6
20170911031,39
20170911032,16
20170911033,14
20170911034,5
20170911041,35
20170911042,14
20170911043,11
20170911044,5
20170911051,35
20170911052,14
20170911053,9
20170911054,4
20170911061,40
20170911062,15
20170911063,10
20170911064,5
20170911071,46
20170911072,16
20170911073,12
20170911074,5
20170911081,54
20170911082,18
20170911083,15
20170911084,7
20170911091,68
20170911092,20
20170911093,20
20170911094,9
20170911101,95
20170911102,22
20170911103,29
20170911104,12
20170911111,115
20170911112,26
20170911113,32
20170911114,14
20170911121,117
20170911122,31
20170911123,31
20170911124,15
20170911131,107
20170911132,31
20170911133,29
20170911134,14
20170911141,115
20170911142,33
20170911143,32
20170911144,14
20170911151,114
20170911152,34
20170911153,29
20170911154,15
20170911161,112
20170911162,35
20170911163,29
20170911164,15
20170911171,116
20170911172,35
20170911173,27
20170911174,16
20170911181,117
20170911182,36
20170911183,32
20170911184,16
20170911191,122
20170911192,39
20170911193,27
20170911194,15
20170911201,116
20170911202,38
20170911203,29
20170911204,15
20170911211,102
20170911212,36
20170911213,26
20170911214,16
20170911221,95
20170911222,36
20170911223,26
20170911224,17
20170911231,91
20170911232,35
20170911233,24
20170911234,14
20170912001,83
20170912002,34
20170912003,21
20170912004,9
20170912011,72
20170912012,30
20170912013,17
20170912014,8
20170912021,61
20170912022,26
20170912023,15
20170912024,6
20170912031,52
20170912032,21
20170912033,12
20170912034,6
20170912041,44
20170912042,17
20170912043,10
20170912044,5
20170912051,41
20170912052,16
20170912053,9
20170912054,5
20170912061,46
20170912062,17
20170912063,9
20170912064,5
20170912071,53
20170912072,19
20170912073,12
20170912074,5
20170912081,62
20170912082,20
20170912083,14
20170912084,7
20170912091,76
20170912092,22
20170912093,18
20170912094,9
20170912101,98
20170912102,25
20170912103,25
20170912104,12
20170912111,114
20170912112,30
20170912113,29
20170912114,13
20170912121,115
20170912122,34
20170912123,29
20170912124,15
20170912131,106
20170912132,34
20170912133,26
20170912134,13
20170912141,115
20170912142,38
20170912143,32
20170912144,15
20170912151,113
20170912152,38
20170912153,28
20170912154,15
20170912161,111
20170912162,38
20170912163,26
20170912164,16
20170912171,112
20170912172,38
20170912173,25
20170912174,16
20170912181,116
20170912182,40
20170912183,29
20170912184,15
20170912191,119
20170912192,42
20170912193,26
20170912194,15
20170912201,110
20170912202,41
20170912203,27
20170912204,16
20170912211,101
20170912212,37
20170912213,24
20170912214,15
20170912221,93
20170912222,35
20170912223,25
20170912224,15
20170912231,88
20170912232,35
20170912233,23
20170912234,14
20170913001,80
20170913002,33
20170913003,21
20170913004,10
20170913011,69
20170913012,30
20170913013,16
20170913014,8
20170913021,58
20170913022,25
20170913023,13
20170913024,6
20170913031,50
20170913032,21
20170913033,10
20170913034,6
20170913041,43
20170913042,17
20170913043,8
20170913044,5
20170913051,41
20170913052,16
20170913053,8
20170913054,5
20170913061,46
20170913062,16
20170913063,9
20170913064,5
20170913071,54
20170913072,18
20170913073,11
20170913074,6
20170913081,62
20170913082,20
20170913083,13
20170913084,7
20170913091,75
20170913092,22
20170913093,17
20170913094,9
20170913101,100
20170913102,26
20170913103,24
20170913104,12
20170913111,112
20170913112,31
20170913113,27
20170913114,14
20170913121,113
20170913122,35
20170913123,26
20170913124,14
20170913131,104
20170913132,33
20170913133,25
20170913134,14
20170913141,114
20170913142,38
20170913143,31
20170913144,14
20170913151,112
20170913152,38
20170913153,25
20170913154,14
20170913161,108
20170913162,38
20170913163,24
20170913164,14
20170913171,109
20170913172,37
20170913173,24
20170913174,14
20170913181,112
20170913182,40
20170913183,29
20170913184,13
20170913191,114
20170913192,42
20170913193,27
20170913194,14
20170913201,107
20170913202,41
20170913203,24
20170913204,16
20170913211,101
20170913212,37
20170913213,23
20170913214,16
20170913221,95
20170913222,34
20170913223,23
20170913224,17
20170913231,90
20170913232,34
20170913233,21
20170913234,14
20170914001,82
20170914002,34
20170914003,21
20170914004,10
20170914011,70
20170914012,30
20170914013,15
20170914014,8
20170914021,59
20170914022,25
20170914023,11
20170914024,7
20170914031,51
20170914032,21
20170914033,9
20170914034,6
20170914041,44
20170914042,17
20170914043,8
20170914044,5
20170914051,41
20170914052,16
20170914053,7
20170914054,5
20170914061,46
20170914062,16
20170914063,8
20170914064,5
20170914071,55
20170914072,19
20170914073,10
20170914074,6
20170914081,63
20170914082,20
20170914083,12
20170914084,7
20170914091,76
20170914092,22
20170914093,16
20170914094,9
20170914101,101
20170914102,26
20170914103,22
20170914104,12
20170914111,114
20170914112,31
20170914113,25
20170914114,14
20170914121,114
20170914122,34
20170914123,25
20170914124,15
20170914131,105
20170914132,30
20170914133,24
20170914134,14
20170914141,113
20170914142,37
20170914143,29
20170914144,15
20170914151,110
20170914152,38
20170914153,24
20170914154,16
20170914161,106
20170914162,36
20170914163,23
20170914164,16
20170914171,108
20170914172,35
20170914173,24
20170914174,16
20170914181,112
20170914182,38
20170914183,24
20170914184,15
20170914191,114
20170914192,40
20170914193,22
20170914194,15
20170914201,108
20170914202,39
20170914203,22
20170914204,16
20170914211,100
20170914212,34
20170914213,22
20170914214,15
20170914221,93
20170914222,32
20170914223,22
20170914224,15
20170914231,90
20170914232,32
20170914233,20
20170914234,13
20170915001,81
20170915002,31
20170915003,20
20170915004,10
20170915011,69
20170915012,28
20170915013,15
20170915014,7
20170915021,57
20170915022,23
20170915023,11
20170915024,6
20170915031,50
20170915032,20
20170915033,9
20170915034,6
20170915041,43
20170915042,17
20170915043,8
20170915044,5
20170915051,40
20170915052,16
20170915053,7
20170915054,5
20170915061,45
20170915062,16
20170915063,8
20170915064,5
20170915071,52
20170915072,18
20170915073,9
20170915074,6
20170915081,62
20170915082,19
20170915083,11
20170915084,7
20170915091,74
20170915092,21
20170915093,14
20170915094,9
20170915101,93
20170915102,24
20170915103,19
20170915104,12
20170915111,104
20170915112,28
20170915113,23
20170915114,13
20170915121,106
20170915122,31
20170915123,24
20170915124,14
20170915131,96
20170915132,30
20170915133,24
20170915134,14
20170915141,106
20170915142,33
20170915143,28
20170915144,15
20170915151,103
20170915152,32
20170915153,25
20170915154,15
20170915161,97
20170915162,31
20170915163,24
20170915164,16
20170915171,97
20170915172,31
20170915173,24
20170915174,16
20170915181,104
20170915182,32
20170915183,27
20170915184,15
20170915191,106
20170915192,33
20170915193,27
20170915194,16
20170915201,98
20170915202,32
20170915203,26
20170915204,17
20170915211,90
20170915212,29
20170915213,24
20170915214,15
20170915221,86
20170915222,28
20170915223,24
20170915224,16
20170915231,82
20170915232,27
20170915233,23
20170915234,13
20170916001,71
20170916002,28
20170916003,21
20170916004,9
20170916011,60
20170916012,24
20170916013,14
20170916014,7
20170916021,51
20170916022,20
20170916023,10
20170916024,6
20170916031,43
20170916032,17
20170916033,9
20170916034,5
20170916041,37
20170916042,13
20170916043,7
20170916044,5
20170916051,33
20170916052,12
20170916053,7
20170916054,4
20170916061,36
20170916062,11
20170916063,7
20170916064,5
20170916071,40
20170916072,11
20170916073,9
20170916074,5
20170916081,46
20170916082,12
20170916083,11
20170916084,7
20170916091,53
20170916092,15
20170916093,14
20170916094,8
20170916101,66
20170916102,17
20170916103,19
20170916104,9
20170916111,75
20170916112,18
20170916113,22
20170916114,10
20170916121,78
20170916122,17
20170916123,25
20170916124,12
20170916131,70
20170916132,17
20170916133,25
20170916134,13
20170916141,70
20170916142,17
20170916143,28
20170916144,13
20170916151,66
20170916152,16
20170916153,26
20170916154,14
20170916161,62
20170916162,18
20170916163,25
20170916164,14
20170916171,61
20170916172,17
20170916173,28
20170916174,14
20170916181,63
20170916182,18
20170916183,31
20170916184,13
20170916191,67
20170916192,20
20170916193,33
20170916194,13
20170916201,69
20170916202,19
20170916203,42
20170916204,15
20170916211,66
20170916212,19
20170916213,37
20170916214,15
20170916221,65
20170916222,19
20170916223,29
20170916224,15
20170916231,64
20170916232,19
20170916233,27
20170916234,13
20170917001,61
20170917002,19
20170917003,24
20170917004,9
20170917011,52
20170917012,17
20170917013,16
20170917014,7
20170917021,44
20170917022,15
20170917023,12
20170917024,6
20170917031,38
20170917032,15
20170917033,10
20170917034,6
20170917041,32
20170917042,12
20170917043,8
20170917044,5
20170917051,30
20170917052,11
20170917053,7
20170917054,5
20170917061,32
20170917062,11
20170917063,7
20170917064,5
20170917071,36
20170917072,11
20170917073,9
20170917074,5
20170917081,41
20170917082,12
20170917083,11
20170917084,6
20170917091,46
20170917092,13
20170917093,14
20170917094,9
20170917101,55
20170917102,14
20170917103,19
20170917104,8
20170917111,64
20170917112,16
20170917113,24
20170917114,9
20170917121,70
20170917122,16
20170917123,26
20170917124,10
20170917131,64
20170917132,16
20170917133,26
20170917134,10
20170917141,66
20170917142,16
20170917143,30
20170917144,10
20170917151,64
20170917152,16
20170917153,26
20170917154,11
20170917161,62
20170917162,18
20170917163,26
20170917164,10
20170917171,62
20170917172,18
20170917173,28
20170917174,10
20170917181,67
20170917182,19
20170917183,30
20170917184,10
20170917191,73
20170917192,20
20170917193,31
20170917194,12
20170917201,73
20170917202,20
20170917203,32
20170917204,14
20170917211,71
20170917212,20
20170917213,31
20170917214,12
20170917221,69
20170917222,20
20170917223,30
20170917224,14
20170917231,67
20170917232,20
20170917233,28
20170917234,12
20170918001,63
20170918002,21
20170918003,26
20170918004,8
20170918011,53
20170918012,19
20170918013,17
20170918014,7
20170918021,47
20170918022,17
20170918023,14
20170918024,6
20170918031,41
20170918032,15
20170918033,12
20170918034,6
20170918041,36
20170918042,14
20170918043,9
20170918044,5
20170918051,35
20170918052,14
20170918053,8
20170918054,5
20170918061,40
20170918062,15
20170918063,9
20170918064,5
20170918071,46
20170918072,17
20170918073,11
20170918074,5
20170918081,55
20170918082,18
20170918083,13
20170918084,6
20170918091,69
20170918092,20
20170918093,17
20170918094,9
20170918101,97
20170918102,23
20170918103,26
20170918104,12
20170918111,120
20170918112,28
20170918113,32
20170918114,13
20170918121,119
20170918122,32
20170918123,32
20170918124,15
20170918131,107
20170918132,31
20170918133,32
20170918134,12
20170918141,113
20170918142,33
20170918143,35
20170918144,14
20170918151,111
20170918152,33
20170918153,33
20170918154,14
20170918161,107
20170918162,34
20170918163,31
20170918164,14
20170918171,107
20170918172,34
20170918173,30
20170918174,14
20170918181,111
20170918182,36
20170918183,33
20170918184,13
20170918191,114
20170918192,39
20170918193,31
20170918194,13
20170918201,107
20170918202,38
20170918203,30
20170918204,13
20170918211,101
20170918212,37
20170918213,30
20170918214,13
20170918221,92
20170918222,36
20170918223,30
20170918224,13
20170918231,89
20170918232,35
20170918233,28
20170918234,12
20170919001,81
20170919002,34
20170919003,25
20170919004,9
20170919011,70
20170919012,31
20170919013,18
20170919014,7
20170919021,60
20170919022,26
20170919023,14
20170919024,6
20170919031,52
20170919032,21
20170919033,12
20170919034,6
20170919041,44
20170919042,17
20170919043,10
20170919044,5
20170919051,41
20170919052,16
20170919053,9
20170919054,5
20170919061,46
20170919062,16
20170919063,10
20170919064,5
20170919071,54
20170919072,19
20170919073,12
20170919074,5
20170919081,62
20170919082,20
20170919083,14
20170919084,6
20170919091,76
20170919092,22
20170919093,18
20170919094,9
20170919101,98
20170919102,25
20170919103,27
20170919104,11
20170919111,113
20170919112,31
20170919113,34
20170919114,12
20170919121,114
20170919122,35
20170919123,34
20170919124,15
20170919131,105
20170919132,35
20170919133,34
20170919134,14
20170919141,112
20170919142,38
20170919143,38
20170919144,14
20170919151,110
20170919152,37
20170919153,36
20170919154,13
20170919161,105
20170919162,36
20170919163,33
20170919164,14
20170919171,108
20170919172,37
20170919173,33
20170919174,14
20170919181,112
20170919182,39
20170919183,33
20170919184,14
20170919191,114
20170919192,41
20170919193,31
20170919194,14
20170919201,109
20170919202,41
20170919203,31
20170919204,15
20170919211,102
20170919212,38
20170919213,29
20170919214,14
20170919221,95
20170919222,35
20170919223,31
20170919224,16
20170919231,88
20170919232,35
20170919233,28
20170919234,14
20170920001,81
20170920002,33
20170920003,27
20170920004,10
20170920011,69
20170920012,30
20170920013,19
20170920014,9
20170920021,58
20170920022,25
20170920023,15
20170920024,7
20170920031,51
20170920032,21
20170920033,12
20170920034,6
20170920041,43
20170920042,17
20170920043,9
20170920044,5
20170920051,40
20170920052,16
20170920053,9
20170920054,5
20170920061,45
20170920062,16
20170920063,9
20170920064,5
20170920071,53
20170920072,19
20170920073,12
20170920074,6
20170920081,61
20170920082,20
20170920083,15
20170920084,7
20170920091,74
20170920092,22
20170920093,20
20170920094,9
20170920101,98
20170920102,26
20170920103,29
20170920104,12
20170920111,112
20170920112,32
20170920113,37
20170920114,14
20170920121,112
20170920122,34
20170920123,38
20170920124,16
20170920131,104
20170920132,32
20170920133,37
20170920134,15
20170920141,112
20170920142,38
20170920143,42
20170920144,16
20170920151,110
20170920152,39
20170920153,39
20170920154,16
20170920161,106
20170920162,37
20170920163,38
20170920164,15
20170920171,109
20170920172,37
20170920173,35
20170920174,15
20170920181,114
20170920182,40
20170920183,35
20170920184,14
20170920191,116
20170920192,42
20170920193,33
20170920194,15
20170920201,109
20170920202,41
20170920203,32
20170920204,16
20170920211,102
20170920212,37
20170920213,32
20170920214,16
20170920221,96
20170920222,34
20170920223,31
20170920224,16
20170920231,90
20170920232,34
20170920233,28
20170920234,13
20170921001,82
20170921002,33
20170921003,29
20170921004,10
20170921011,69
20170921012,30
20170921013,21
20170921014,9
20170921021,58
20170921022,25
20170921023,17
20170921024,6
20170921031,50
20170921032,21
20170921033,13
20170921034,6
20170921041,43
20170921042,18
20170921043,10
20170921044,5
20170921051,40
20170921052,16
20170921053,9
20170921054,5
20170921061,45
20170921062,16
20170921063,10
20170921064,5
20170921071,54
20170921072,19
20170921073,12
20170921074,6
20170921081,61
20170921082,20
20170921083,16
20170921084,7
20170921091,76
20170921092,22
20170921093,22
20170921094,9
20170921101,100
20170921102,26
20170921103,30
20170921104,12
20170921111,113
20170921112,31
20170921113,36
20170921114,14
20170921121,114
20170921122,34
20170921123,37
20170921124,14
20170921131,105
20170921132,31
20170921133,36
20170921134,13
20170921141,113
20170921142,38
20170921143,42
20170921144,14
20170921151,111
20170921152,37
20170921153,39
20170921154,15
20170921161,106
20170921162,36
20170921163,35
20170921164,15
20170921171,109
20170921172,36
20170921173,33
20170921174,16
20170921181,114
20170921182,38
20170921183,34
20170921184,15
20170921191,118
20170921192,40
20170921193,33
20170921194,15
20170921201,108
20170921202,40
20170921203,32
20170921204,17
20170921211,100
20170921212,35
20170921213,31
20170921214,15
20170921221,93
20170921222,33
20170921223,31
20170921224,16
20170921231,90
20170921232,32
20170921233,29
20170921234,15
20170922001,81
20170922002,31
20170922003,30
20170922004,10
20170922011,68
20170922012,28
20170922013,20
20170922014,8
20170922021,57
20170922022,24
20170922023,15
20170922024,6
20170922031,49
20170922032,21
20170922033,12
20170922034,5
20170922041,42
20170922042,17
20170922043,9
20170922044,5
20170922051,40
20170922052,15
20170922053,8
20170922054,5
20170922061,44
20170922062,16
20170922063,9
20170922064,5
20170922071,52
20170922072,18
20170922073,11
20170922074,5
20170922081,61
20170922082,19
20170922083,14
20170922084,7
20170922091,74
20170922092,22
20170922093,20
20170922094,9
20170922101,93
20170922102,25
20170922103,29
20170922104,12
20170922111,104
20170922112,29
20170922113,33
20170922114,13
20170922121,107
20170922122,32
20170922123,33
20170922124,15
20170922131,96
20170922132,30
20170922133,32
20170922134,14
20170922141,104
20170922142,34
20170922143,38
20170922144,15
20170922151,102
20170922152,33
20170922153,33
20170922154,16
20170922161,95
20170922162,31
20170922163,30
20170922164,16
20170922171,94
20170922172,31
20170922173,29
20170922174,16
20170922181,101
20170922182,33
20170922183,29
20170922184,15
20170922191,103
20170922192,34
20170922193,28
20170922194,16
20170922201,96
20170922202,33
20170922203,27
20170922204,17
20170922211,89
20170922212,29
20170922213,28
20170922214,14
20170922221,85
20170922222,28
20170922223,27
20170922224,15
20170922231,81
20170922232,28
20170922233,26
20170922234,13
20170923001,70
20170923002,28
20170923003,26
20170923004,9
20170923011,59
20170923012,24
20170923013,18
20170923014,7
20170923021,50
20170923022,20
20170923023,13
20170923024,6
20170923031,42
20170923032,17
20170923033,9
20170923034,6
20170923041,36
20170923042,13
20170923043,8
20170923044,5
20170923051,33
20170923052,12
20170923053,7
20170923054,5
20170923061,35
20170923062,11
20170923063,8
20170923064,5
20170923071,39
20170923072,12
20170923073,9
20170923074,5
20170923081,45
20170923082,13
20170923083,13
20170923084,6
20170923091,52
20170923092,15
20170923093,17
20170923094,8
20170923101,66
20170923102,17
20170923103,22
20170923104,9
20170923111,73
20170923112,18
20170923113,26
20170923114,10
20170923121,76
20170923122,17
20170923123,26
20170923124,13
20170923131,69
20170923132,18
20170923133,25
20170923134,13
20170923141,69
20170923142,17
20170923143,29
20170923144,14
20170923151,65
20170923152,17
20170923153,28
20170923154,14
20170923161,61
20170923162,18
20170923163,28
20170923164,14
20170923171,59
20170923172,18
20170923173,29
20170923174,15
20170923181,64
20170923182,18
20170923183,31
20170923184,14
20170923191,68
20170923192,19
20170923193,33
20170923194,15
20170923201,69
20170923202,20
20170923203,37
20170923204,16
20170923211,66
20170923212,19
20170923213,35
20170923214,16
20170923221,64
20170923222,20
20170923223,30
20170923224,18
20170923231,63
20170923232,20
20170923233,28
20170923234,14
20170924001,60
20170924002,19
20170924003,26
20170924004,10
20170924011,51
20170924012,17
20170924013,16
20170924014,8
20170924021,43
20170924022,15
20170924023,12
20170924024,6
20170924031,37
20170924032,15
20170924033,9
20170924034,6
20170924041,32
20170924042,12
20170924043,8
20170924044,5
20170924051,29
20170924052,11
20170924053,7
20170924054,5
20170924061,31
20170924062,11
20170924063,8
20170924064,5
20170924071,36
20170924072,11
20170924073,10
20170924074,5
20170924081,41
20170924082,11
20170924083,12
20170924084,6
20170924091,46
20170924092,13
20170924093,15
20170924094,9
20170924101,56
20170924102,14
20170924103,20
20170924104,10
20170924111,65
20170924112,16
20170924113,24
20170924114,11
20170924121,70
20170924122,16
20170924123,26
20170924124,13
20170924131,65
20170924132,15
20170924133,25
20170924134,13
20170924141,66
20170924142,16
20170924143,30
20170924144,14
20170924151,64
20170924152,16
20170924153,28
20170924154,14
20170924161,61
20170924162,18
20170924163,27
20170924164,14
20170924171,63
20170924172,18
20170924173,26
20170924174,14
20170924181,67
20170924182,19
20170924183,29
20170924184,14
20170924191,73
20170924192,20
20170924193,28
20170924194,14
20170924201,73
20170924202,20
20170924203,29
20170924204,16
20170924211,70
20170924212,20
20170924213,29
20170924214,14
20170924221,68
20170924222,21
20170924223,29
20170924224,14
20170924231,66
20170924232,21
20170924233,28
20170924234,14
20170925001,62
20170925002,20
20170925003,26
20170925004,10
20170925011,54
20170925012,18
20170925013,15
20170925014,7
20170925021,46
20170925022,17
20170925023,11
20170925024,6
20170925031,40
20170925032,16
20170925033,9
20170925034,6
20170925041,36
20170925042,14
20170925043,8
20170925044,5
20170925051,35
20170925052,14
20170925053,8
20170925054,5
20170925061,40
20170925062,14
20170925063,8
20170925064,5
20170925071,46
20170925072,16
20170925073,10
20170925074,5
20170925081,53
20170925082,18
20170925083,13
20170925084,7
20170925091,67
20170925092,20
20170925093,17
20170925094,9
20170925101,94
20170925102,23
20170925103,24
20170925104,12
20170925111,118
20170925112,27
20170925113,28
20170925114,13
20170925121,117
20170925122,32
20170925123,29
20170925124,15
20170925131,105
20170925132,31
20170925133,28
20170925134,13
20170925141,112
20170925142,33
20170925143,32
20170925144,14
20170925151,111
20170925152,33
20170925153,30
20170925154,14
20170925161,108
20170925162,33
20170925163,28
20170925164,14
20170925171,110
20170925172,33
20170925173,27
20170925174,15
20170925181,115
20170925182,36
20170925183,29
20170925184,14
20170925191,118
20170925192,39
20170925193,27
20170925194,15
20170925201,110
20170925202,38
20170925203,27
20170925204,16
20170925211,99
20170925212,36
20170925213,25
20170925214,16
20170925221,91
20170925222,36
20170925223,26
20170925224,17
20170925231,88
20170925232,35
20170925233,24
20170925234,15
20170926001,80
20170926002,33
20170926003,22
20170926004,10
20170926011,68
20170926012,30
20170926013,15
20170926014,8
20170926021,59
20170926022,26
20170926023,11
20170926024,6
20170926031,51
20170926032,21
20170926033,9
20170926034,6
20170926041,44
20170926042,17
20170926043,8
20170926044,5
20170926051,40
20170926052,16
20170926053,7
20170926054,5
20170926061,46
20170926062,16
20170926063,9
20170926064,5
20170926071,52
20170926072,18
20170926073,10
20170926074,6
20170926081,60
20170926082,20
20170926083,13
20170926084,7
20170926091,75
20170926092,22
20170926093,17
20170926094,9
20170926101,97
20170926102,25
20170926103,24
20170926104,12
20170926111,114
20170926112,30
20170926113,27
20170926114,14
20170926121,115
20170926122,35
20170926123,27
20170926124,16
20170926131,106
20170926132,35
20170926133,27
20170926134,14
20170926141,114
20170926142,37
20170926143,33
20170926144,15
20170926151,111
20170926152,37
20170926153,29
20170926154,15
20170926161,107
20170926162,36
20170926163,28
20170926164,15
20170926171,109
20170926172,37
20170926173,29
20170926174,15
20170926181,114
20170926182,39
20170926183,30
20170926184,15
20170926191,119
20170926192,40
20170926193,27
20170926194,15
20170926201,108
20170926202,40
20170926203,25
20170926204,17
20170926211,100
20170926212,37
20170926213,26
20170926214,15
20170926221,95
20170926222,34
20170926223,27
20170926224,15
20170926231,88
20170926232,34
20170926233,24
20170926234,14
20170927001,81
20170927002,33
20170927003,22
20170927004,10
20170927011,68
20170927012,29
20170927013,14
20170927014,8
20170927021,57
20170927022,24
20170927023,11
20170927024,6
20170927031,50
20170927032,21
20170927033,9
20170927034,6
20170927041,42
20170927042,17
20170927043,8
20170927044,5
20170927051,40
20170927052,16
20170927053,7
20170927054,5
20170927061,44
20170927062,16
20170927063,8
20170927064,5
20170927071,50
20170927072,18
20170927073,10
20170927074,5
20170927081,58
20170927082,20
20170927083,12
20170927084,7
20170927091,72
20170927092,22
20170927093,16
20170927094,8
20170927101,95
20170927102,25
20170927103,23
20170927104,12
20170927111,111
20170927112,31
20170927113,28
20170927114,14
20170927121,113
20170927122,34
20170927123,30
20170927124,14
20170927131,103
20170927132,31
20170927133,28
20170927134,13
20170927141,112
20170927142,38
20170927143,33
20170927144,15
20170927151,111
20170927152,37
20170927153,31
20170927154,15
20170927161,107
20170927162,35
20170927163,29
20170927164,15
20170927171,109
20170927172,36
20170927173,30
20170927174,15
20170927181,114
20170927182,39
20170927183,33
20170927184,15
20170927191,117
20170927192,41
20170927193,30
20170927194,15
20170927201,108
20170927202,39
20170927203,29
20170927204,16
20170927211,101
20170927212,36
20170927213,27
20170927214,16
20170927221,93
20170927222,33
20170927223,28
20170927224,17
20170927231,89
20170927232,34
20170927233,26
20170927234,14
20170928001,81
20170928002,33
20170928003,27
20170928004,10
20170928011,68
20170928012,29
20170928013,20
20170928014,9
20170928021,57
20170928022,25
20170928023,16
20170928024,6
20170928031,48
20170928032,21
20170928033,15
20170928034,6
20170928041,42
20170928042,17
20170928043,14
20170928044,5
20170928051,39
20170928052,17
20170928053,16
20170928054,5
20170928061,44
20170928062,17
20170928063,18
20170928064,5
20170928071,50
20170928072,19
20170928073,20
20170928074,6
20170928081,58
20170928082,20
20170928083,21
20170928084,7
20170928091,74
20170928092,22
20170928093,30
20170928094,10
20170928101,99
20170928102,25
20170928103,37
20170928104,13
20170928111,113
20170928112,30
20170928113,38
20170928114,14
20170928121,114
20170928122,34
20170928123,37
20170928124,15
20170928131,106
20170928132,31
20170928133,35
20170928134,15
20170928141,112
20170928142,36
20170928143,35
20170928144,15
20170928151,111
20170928152,36
20170928153,34
20170928154,17
20170928161,106
20170928162,34
20170928163,31
20170928164,16
20170928171,109
20170928172,35
20170928173,32
20170928174,16
20170928181,114
20170928182,38
20170928183,34
20170928184,16
20170928191,117
20170928192,39
20170928193,31
20170928194,15
20170928201,108
20170928202,38
20170928203,32
20170928204,17
20170928211,100
20170928212,33
20170928213,33
20170928214,15
20170928221,93
20170928222,32
20170928223,34
20170928224,15
20170928231,89
20170928232,32
20170928233,32
20170928234,14
20170929001,80
20170929002,31
20170929003,47
20170929004,10
20170929011,67
20170929012,27
20170929013,24
20170929014,8
20170929021,57
20170929022,23
20170929023,18
20170929024,6
20170929031,48
20170929032,20
20170929033,14
20170929034,6
20170929041,41
20170929042,16
20170929043,10
20170929044,5
20170929051,39
20170929052,16
20170929053,10
20170929054,5
20170929061,44
20170929062,16
20170929063,11
20170929064,5
20170929071,51
20170929072,18
20170929073,13
20170929074,5
20170929081,59
20170929082,19
20170929083,15
20170929084,6
20170929091,73
20170929092,21
20170929093,22
20170929094,8
20170929101,91
20170929102,24
20170929103,31
20170929104,11
20170929111,104
20170929112,28
20170929113,35
20170929114,12
20170929121,107
20170929122,31
20170929123,34
20170929124,14
20170929131,96
20170929132,30
20170929133,32
20170929134,12
20170929141,105
20170929142,32
20170929143,36
20170929144,15
20170929151,102
20170929152,32
20170929153,33
20170929154,15
20170929161,94
20170929162,30
20170929163,31
20170929164,16
20170929171,94
20170929172,30
20170929173,31
20170929174,15
20170929181,100
20170929182,32
20170929183,32
20170929184,15
20170929191,103
20170929192,32
20170929193,30
20170929194,16
20170929201,96
20170929202,32
20170929203,29
20170929204,17
20170929211,89
20170929212,28
20170929213,30
20170929214,16
20170929221,84
20170929222,27
20170929223,30
20170929224,16
20170929231,80
20170929232,27
20170929233,27
20170929234,14
20170930001,69
20170930002,28
20170930003,29
20170930004,9
20170930011,59
20170930012,24
20170930013,21
20170930014,7
20170930021,50
20170930022,20
20170930023,16
20170930024,6
20170930031,41
20170930032,17
20170930033,13
20170930034,6
20170930041,35
20170930042,12
20170930043,10
20170930044,5
20170930051,32
20170930052,12
20170930053,9
20170930054,5
20170930061,34
20170930062,12
20170930063,10
20170930064,5
20170930071,38
20170930072,12
20170930073,12
20170930074,5
20170930081,43
20170930082,13
20170930083,15
20170930084,7
20170930091,50
20170930092,15
20170930093,19
20170930094,9
20170930101,63
20170930102,17
20170930103,26
20170930104,9
20170930111,72
20170930112,18
20170930113,28
20170930114,10
20170930121,74
20170930122,17
20170930123,27
20170930124,13
20170930131,68
20170930132,17
20170930133,27
20170930134,13
20170930141,68
20170930142,16
20170930143,31
20170930144,14
20170930151,64
20170930152,16
20170930153,28
20170930154,14
20170930161,61
20170930162,17
20170930163,28
20170930164,15
20170930171,60
20170930172,17
20170930173,27
20170930174,15
20170930181,65
20170930182,18
20170930183,30
20170930184,15
20170930191,69
20170930192,19
20170930193,31
20170930194,15
20170930201,71
20170930202,18
20170930203,31
20170930204,16
20170930211,68
20170930212,18
20170930213,30
20170930214,15
20170930221,66
20170930222,19
20170930223,31
20170930224,17
20170930231,65
20170930232,19
20170930233,29
20170930234,14
20171001001,60
20171001002,19
20171001003,26
20171001004,10
20171001011,51
20171001012,17
20171001013,18
20171001014,8
20171001021,43
20171001022,16
20171001023,15
20171001024,6
20171001031,37
20171001032,14
20171001033,11
20171001034,6
20171001041,31
20171001042,12
20171001043,9
20171001044,5
20171001051,29
20171001052,11
20171001053,8
20171001054,5
20171001061,31
20171001062,11
20171001063,9
20171001064,5
20171001071,34
20171001072,11
20171001073,11
20171001074,6
20171001081,38
20171001082,12
20171001083,13
20171001084,7
20171001091,43
20171001092,13
20171001093,17
20171001094,9
20171001101,51
20171001102,14
20171001103,22
20171001104,11
20171001111,60
20171001112,16
20171001113,25
20171001114,12
20171001121,63
20171001122,16
20171001123,27
20171001124,14
20171001131,59
20171001132,15
20171001133,26
20171001134,14
20171001141,60
20171001142,16
20171001143,30
20171001144,15
20171001151,59
20171001152,16
20171001153,29
20171001154,16
20171001161,58
20171001162,18
20171001163,27
20171001164,16
20171001171,59
20171001172,18
20171001173,27
20171001174,16
20171001181,64
20171001182,18
20171001183,31
20171001184,15
20171001191,71
20171001192,19
20171001193,29
20171001194,16
20171001201,73
20171001202,19
20171001203,29
20171001204,16
20171001211,71
20171001212,20
20171001213,29
20171001214,15
20171001221,69
20171001222,20
20171001223,29
20171001224,15
20171001231,66
20171001232,20
20171001233,29
20171001234,14
20171002001,62
20171002002,20
20171002003,26
20171002004,9
20171002011,54
20171002012,19
20171002013,17
20171002014,7
20171002021,48
20171002022,17
20171002023,13
20171002024,6
20171002031,42
20171002032,16
20171002033,10
20171002034,6
20171002041,37
20171002042,14
20171002043,9
20171002044,5
20171002051,36
20171002052,14
20171002053,8
20171002054,5
20171002061,41
20171002062,14
20171002063,9
20171002064,5
20171002071,47
20171002072,16
20171002073,11
20171002074,5
20171002081,53
20171002082,17
20171002083,14
20171002084,8
20171002091,65
20171002092,20
20171002093,18
20171002094,10
20171002101,86
20171002102,21
20171002103,25
20171002104,12
20171002111,108
20171002112,25
20171002113,30
20171002114,13
20171002121,113
20171002122,29
20171002123,29
20171002124,15
20171002131,101
20171002132,29
20171002133,27
20171002134,14
20171002141,108
20171002142,31
20171002143,32
20171002144,15
20171002151,107
20171002152,32
20171002153,29
20171002154,14
20171002161,106
20171002162,32
20171002163,27
20171002164,15
20171002171,107
20171002172,33
20171002173,27
20171002174,15
20171002181,111
20171002182,34
20171002183,30
20171002184,14
20171002191,112
20171002192,38
20171002193,27
20171002194,15
20171002201,105
20171002202,38
20171002203,27
20171002204,16
20171002211,98
20171002212,36
20171002213,25
20171002214,16
20171002221,92
20171002222,35
20171002223,26
20171002224,17
20171002231,88
20171002232,35
20171002233,24
20171002234,13
20171003001,81
20171003002,33
20171003003,22
20171003004,9
20171003011,70
20171003012,30
20171003013,17
20171003014,8
20171003021,59
20171003022,25
20171003023,13
20171003024,6
20171003031,52
20171003032,21
20171003033,10
20171003034,6
20171003041,44
20171003042,17
20171003043,8
20171003044,4
20171003051,41
20171003052,16
20171003053,8
20171003054,4
20171003061,46
20171003062,16
20171003063,9
20171003064,4
20171003071,52
20171003072,19
20171003073,11
20171003074,5
20171003081,60
20171003082,20
20171003083,13
20171003084,7
20171003091,74
20171003092,22
20171003093,16
20171003094,9
20171003101,96
20171003102,25
20171003103,23
20171003104,12
20171003111,110
20171003112,29
20171003113,30
20171003114,13
20171003121,110
20171003122,32
20171003123,30
20171003124,16
20171003131,103
20171003132,33
20171003133,27
20171003134,13
20171003141,112
20171003142,37
20171003143,33
20171003144,14
20171003151,110
20171003152,37
20171003153,32
20171003154,14
20171003161,108
20171003162,36
20171003163,28
20171003164,15
20171003171,109
20171003172,37
20171003173,27
20171003174,14
20171003181,112
20171003182,38
20171003183,31
20171003184,15
20171003191,114
20171003192,40
20171003193,27
20171003194,14
20171003201,107
20171003202,40
20171003203,27
20171003204,17
20171003211,99
20171003212,36
20171003213,25
20171003214,15
20171003221,92
20171003222,35
20171003223,25
20171003224,14
20171003231,87
20171003232,34
20171003233,23
20171003234,14
20171004001,80
20171004002,33
20171004003,22
20171004004,10
20171004011,67
20171004012,29
20171004013,17
20171004014,8
20171004021,58
20171004022,25
20171004023,14
20171004024,6
20171004031,50
20171004032,21
20171004033,10
20171004034,6
20171004041,43
20171004042,17
20171004043,8
20171004044,5
20171004051,40
20171004052,17
20171004053,8
20171004054,5
20171004061,45
20171004062,17
20171004063,8
20171004064,5
20171004071,51
20171004072,19
20171004073,10
20171004074,5
20171004081,59
20171004082,20
20171004083,12
20171004084,8
20171004091,70
20171004092,22
20171004093,16
20171004094,9
20171004101,92
20171004102,25
20171004103,23
20171004104,12
20171004111,111
20171004112,30
20171004113,29
20171004114,14
20171004121,112
20171004122,34
20171004123,29
20171004124,14
20171004131,104
20171004132,32
20171004133,28
20171004134,13
20171004141,113
20171004142,37
20171004143,34
20171004144,15
20171004151,111
20171004152,37
20171004153,31
20171004154,15
20171004161,109
20171004162,36
20171004163,28
20171004164,15
20171004171,110
20171004172,36
20171004173,27
20171004174,16
20171004181,115
20171004182,39
20171004183,29
20171004184,15
20171004191,117
20171004192,41
20171004193,26
20171004194,15
20171004201,110
20171004202,40
20171004203,27
20171004204,16
20171004211,102
20171004212,37
20171004213,26
20171004214,15
20171004221,95
20171004222,34
20171004223,25
20171004224,17
20171004231,90
20171004232,34
20171004233,24
20171004234,13
20171005001,83
20171005002,33
20171005003,23
20171005004,10
20171005011,70
20171005012,29
20171005013,18
20171005014,8
20171005021,58
20171005022,25
20171005023,14
20171005024,6
20171005031,50
20171005032,21
20171005033,10
20171005034,6
20171005041,43
20171005042,17
20171005043,8
20171005044,5
20171005051,40
20171005052,17
20171005053,8
20171005054,5
20171005061,46
20171005062,17
20171005063,8
20171005064,5
20171005071,51
20171005072,19
20171005073,10
20171005074,6
20171005081,59
20171005082,20
20171005083,12
20171005084,7
20171005091,74
20171005092,22
20171005093,17
20171005094,10
20171005101,100
20171005102,25
20171005103,24
20171005104,13
20171005111,113
20171005112,30
20171005113,29
20171005114,13
20171005121,113
20171005122,34
20171005123,29
20171005124,15
20171005131,105
20171005132,31
20171005133,27
20171005134,14
20171005141,114
20171005142,37
20171005143,33
20171005144,15
20171005151,111
20171005152,36
20171005153,30
20171005154,15
20171005161,107
20171005162,34
20171005163,28
20171005164,15
20171005171,110
20171005172,34
20171005173,27
20171005174,16
20171005181,115
20171005182,38
20171005183,29
20171005184,15
20171005191,116
20171005192,39
20171005193,26
20171005194,15
20171005201,108
20171005202,38
20171005203,25
20171005204,16
20171005211,100
20171005212,34
20171005213,25
20171005214,15
20171005221,94
20171005222,32
20171005223,25
20171005224,14
20171005231,90
20171005232,32
20171005233,24
20171005234,14
20171006001,82
20171006002,30
20171006003,21
20171006004,10
20171006011,69
20171006012,27
20171006013,16
20171006014,8
20171006021,58
20171006022,23
20171006023,14
20171006024,6
20171006031,50
20171006032,20
20171006033,11
20171006034,5
20171006041,43
20171006042,17
20171006043,9
20171006044,5
20171006051,41
20171006052,16
20171006053,8
20171006054,5
20171006061,45
20171006062,16
20171006063,9
20171006064,4
20171006071,52
20171006072,19
20171006073,11
20171006074,5
20171006081,59
20171006082,19
20171006083,13
20171006084,7
20171006091,70
20171006092,21
20171006093,17
20171006094,9
20171006101,89
20171006102,24
20171006103,23
20171006104,12
20171006111,102
20171006112,27
20171006113,27
20171006114,13
20171006121,105
20171006122,31
20171006123,30
20171006124,14
20171006131,94
20171006132,29
20171006133,29
20171006134,13
20171006141,104
20171006142,32
20171006143,32
20171006144,14
20171006151,102
20171006152,32
20171006153,29
20171006154,14
20171006161,96
20171006162,30
20171006163,28
20171006164,16
20171006171,96
20171006172,31
20171006173,29
20171006174,15
20171006181,101
20171006182,32
20171006183,32
20171006184,15
20171006191,103
20171006192,32
20171006193,30
20171006194,16
20171006201,97
20171006202,31
20171006203,30
20171006204,16
20171006211,89
20171006212,29
20171006213,29
20171006214,16
20171006221,85
20171006222,27
20171006223,30
20171006224,17
20171006231,81
20171006232,26
20171006233,30
20171006234,13
20171007001,71
20171007002,28
20171007003,26
20171007004,9
20171007011,59
20171007012,23
20171007013,18
20171007014,7
20171007021,49
20171007022,20
20171007023,14
20171007024,6
20171007031,41
20171007032,17
20171007033,11
20171007034,5
20171007041,36
20171007042,13
20171007043,9
20171007044,5
20171007051,32
20171007052,12
20171007053,8
20171007054,5
20171007061,34
20171007062,12
20171007063,8
20171007064,5
20171007071,38
20171007072,12
20171007073,10
20171007074,5
20171007081,43
20171007082,13
20171007083,12
20171007084,7
20171007091,47
20171007092,15
20171007093,16
20171007094,9
20171007101,58
20171007102,17
20171007103,22
20171007104,10
20171007111,68
20171007112,18
20171007113,29
20171007114,11
20171007121,68
20171007122,17
20171007123,29
20171007124,13
20171007131,61
20171007132,17
20171007133,30
20171007134,14
20171007141,61
20171007142,17
20171007143,34
20171007144,15
20171007151,59
20171007152,17
20171007153,33
20171007154,15
20171007161,57
20171007162,17
20171007163,42
20171007164,14
20171007171,57
20171007172,17
20171007173,53
20171007174,14
20171007181,61
20171007182,17
20171007183,59
20171007184,13
20171007191,65
20171007192,19
20171007193,72
20171007194,14
20171007201,67
20171007202,19
20171007203,66
20171007204,16
20171007211,65
20171007212,18
20171007213,54
20171007214,15
20171007221,64
20171007222,19
20171007223,44
20171007224,16
20171007231,62
20171007232,19
20171007233,38
20171007234,14
20171008001,58
20171008002,18
20171008003,33
20171008004,10
20171008011,48
20171008012,17
20171008013,20
20171008014,8
20171008021,41
20171008022,15
20171008023,16
20171008024,6
20171008031,36
20171008032,14
20171008033,13
20171008034,6
20171008041,32
20171008042,12
20171008043,10
20171008044,5
20171008051,29
20171008052,11
20171008053,9
20171008054,5
20171008061,31
20171008062,11
20171008063,9
20171008064,5
20171008071,34
20171008072,11
20171008073,12
20171008074,6
20171008081,38
20171008082,12
20171008083,14
20171008084,7
20171008091,44
20171008092,13
20171008093,17
20171008094,9
20171008101,51
20171008102,14
20171008103,23
20171008104,10
20171008111,58
20171008112,16
20171008113,28
20171008114,10
20171008121,61
20171008122,15
20171008123,29
20171008124,13
20171008131,57
20171008132,15
20171008133,29
20171008134,11
20171008141,58
20171008142,16
20171008143,31
20171008144,12
20171008151,57
20171008152,16
20171008153,29
20171008154,13
20171008161,55
20171008162,18
20171008163,30
20171008164,13
20171008171,56
20171008172,18
20171008173,30
20171008174,13
20171008181,63
20171008182,18
20171008183,36
20171008184,13
20171008191,71
20171008192,19
20171008193,34
20171008194,13
20171008201,72
20171008202,19
20171008203,34
20171008204,15
20171008211,71
20171008212,19
20171008213,38
20171008214,15
20171008221,69
20171008222,20
20171008223,31
20171008224,15
20171008231,66
20171008232,20
20171008233,27
20171008234,14
20171009001,62
20171009002,20
20171009003,21
20171009004,10
20171009011,54
20171009012,18
20171009013,16
20171009014,7
20171009021,48
20171009022,17
20171009023,13
20171009024,6
20171009031,42
20171009032,16
20171009033,10
20171009034,5
20171009041,38
20171009042,15
20171009043,9
20171009044,5
20171009051,37
20171009052,14
20171009053,8
20171009054,4
20171009061,42
20171009062,14
20171009063,9
20171009064,4
20171009071,48
20171009072,16
20171009073,12
20171009074,5
20171009081,54
20171009082,17
20171009083,14
20171009084,6
20171009091,67
20171009092,20
20171009093,18
20171009094,9
20171009101,91
20171009102,22
20171009103,27
20171009104,12
20171009111,114
20171009112,26
20171009113,30
20171009114,13
20171009121,116
20171009122,29
20171009123,29
20171009124,15
20171009131,105
20171009132,30
20171009133,28
20171009134,14
20171009141,114
20171009142,32
20171009143,32
20171009144,15
20171009151,114
20171009152,33
20171009153,28
20171009154,16
20171009161,113
20171009162,33
20171009163,26
20171009164,15
20171009171,115
20171009172,34
20171009173,25
20171009174,15
20171009181,119
20171009182,35
20171009183,27
20171009184,15
20171009191,119
20171009192,38
20171009193,25
20171009194,14
20171009201,110
20171009202,38
20171009203,25
20171009204,16
20171009211,100
20171009212,36
20171009213,25
20171009214,15
20171009221,93
20171009222,36
20171009223,25
20171009224,17
20171009231,89
20171009232,35
20171009233,23
20171009234,14
20171010001,82
20171010002,33
20171010003,20
20171010004,10
20171010011,71
20171010012,30
20171010013,15
20171010014,8
20171010021,61
20171010022,26
20171010023,12
20171010024,6
20171010031,53
20171010032,21
20171010033,10
20171010034,6
20171010041,45
20171010042,17
20171010043,9
20171010044,5
20171010051,42
20171010052,16
20171010053,8
20171010054,5
20171010061,47
20171010062,17
20171010063,9
20171010064,5
20171010071,55
20171010072,19
20171010073,11
20171010074,5
20171010081,62
20171010082,20
20171010083,13
20171010084,7
20171010091,76
20171010092,22
20171010093,17
20171010094,9
20171010101,98
20171010102,25
20171010103,23
20171010104,12
20171010111,113
20171010112,29
20171010113,27
20171010114,14
20171010121,114
20171010122,33
20171010123,27
20171010124,15
20171010131,106
20171010132,32
20171010133,26
20171010134,14
20171010141,116
20171010142,37
20171010143,31
20171010144,15
20171010151,114
20171010152,38
20171010153,26
20171010154,15
20171010161,111
20171010162,37
20171010163,25
20171010164,16
20171010171,113
20171010172,37
20171010173,26
20171010174,16
20171010181,116
20171010182,39
20171010183,30
20171010184,15
20171010191,118
20171010192,41
20171010193,26
20171010194,15
20171010201,109
20171010202,41
20171010203,24
20171010204,16
20171010211,101
20171010212,37
20171010213,24
20171010214,16
20171010221,93
20171010222,35
20171010223,24
20171010224,15
20171010231,87
20171010232,35
20171010233,23
20171010234,13
20171011001,81
20171011002,33
20171011003,19
20171011004,10
20171011011,70
20171011012,30
20171011013,15
20171011014,8
20171011021,59
20171011022,25
20171011023,12
20171011024,6
20171011031,51
20171011032,21
20171011033,9
20171011034,6
20171011041,44
20171011042,17
20171011043,8
20171011044,5
20171011051,41
20171011052,16
20171011053,8
20171011054,5
20171011061,46
20171011062,17
20171011063,8
20171011064,5
20171011071,54
20171011072,19
20171011073,10
20171011074,6
20171011081,61
20171011082,20
20171011083,13
20171011084,7
20171011091,73
20171011092,22
20171011093,16
20171011094,9
20171011101,94
20171011102,25
20171011103,22
20171011104,12
20171011111,112
20171011112,31
20171011113,26
20171011114,13
20171011121,112
20171011122,34
20171011123,26
20171011124,15
20171011131,104
20171011132,32
20171011133,25
20171011134,14
20171011141,113
20171011142,38
20171011143,30
20171011144,14
20171011151,113
20171011152,37
20171011153,26
20171011154,13
20171011161,109
20171011162,36
20171011163,24
20171011164,14
20171011171,110
20171011172,37
20171011173,23
20171011174,14
20171011181,114
20171011182,39
20171011183,25
20171011184,13
20171011191,115
20171011192,41
20171011193,23
20171011194,14
20171011201,109
20171011202,40
20171011203,23
20171011204,16
20171011211,101
20171011212,37
20171011213,22
20171011214,15
20171011221,95
20171011222,34
20171011223,22
20171011224,17
20171011231,90
20171011232,34
20171011233,21
20171011234,14
20171012001,83
20171012002,33
20171012003,19
20171012004,10
20171012011,70
20171012012,30
20171012013,15
20171012014,9
20171012021,59
20171012022,25
20171012023,11
20171012024,7
20171012031,52
20171012032,21
20171012033,9
20171012034,6
20171012041,45
20171012042,17
20171012043,8
20171012044,5
20171012051,41
20171012052,17
20171012053,8
20171012054,5
20171012061,47
20171012062,17
20171012063,8
20171012064,5
20171012071,55
20171012072,19
20171012073,10
20171012074,6
20171012081,62
20171012082,20
20171012083,12
20171012084,7
20171012091,76
20171012092,22
20171012093,16
20171012094,10
20171012101,101
20171012102,26
20171012103,21
20171012104,12
20171012111,113
20171012112,31
20171012113,25
20171012114,14
20171012121,113
20171012122,34
20171012123,25
20171012124,14
20171012131,105
20171012132,31
20171012133,24
20171012134,13
20171012141,113
20171012142,37
20171012143,29
20171012144,15
20171012151,112
20171012152,37
20171012153,25
20171012154,16
20171012161,107
20171012162,35
20171012163,24
20171012164,16
20171012171,109
20171012172,35
20171012173,23
20171012174,16
20171012181,113
20171012182,38
20171012183,24
20171012184,15
20171012191,117
20171012192,39
20171012193,23
20171012194,15
20171012201,108
20171012202,38
20171012203,23
20171012204,16
20171012211,101
20171012212,34
20171012213,23
20171012214,15
20171012221,95
20171012222,33
20171012223,23
20171012224,15
20171012231,91
20171012232,32
20171012233,23
20171012234,13
20171013001,83
20171013002,31
20171013003,21
20171013004,10
20171013011,69
20171013012,27
20171013013,15
20171013014,8
20171013021,57
20171013022,23
20171013023,12
20171013024,6
20171013031,50
20171013032,20
20171013033,9
20171013034,5
20171013041,43
20171013042,17
20171013043,8
20171013044,5
20171013051,41
20171013052,16
20171013053,8
20171013054,5
20171013061,45
20171013062,16
20171013063,8
20171013064,5
20171013071,52
20171013072,18
20171013073,10
20171013074,6
20171013081,61
20171013082,19
20171013083,12
20171013084,7
20171013091,71
20171013092,22
20171013093,15
20171013094,9
20171013101,90
20171013102,25
20171013103,20
20171013104,12
20171013111,103
20171013112,28
20171013113,25
20171013114,13
20171013121,105
20171013122,32
20171013123,25
20171013124,14
20171013131,95
20171013132,30
20171013133,24
20171013134,13
20171013141,105
20171013142,33
20171013143,29
20171013144,14
20171013151,104
20171013152,32
20171013153,25
20171013154,14
20171013161,96
20171013162,31
20171013163,23
20171013164,15
20171013171,96
20171013172,31
20171013173,23
20171013174,16
20171013181,103
20171013182,32
20171013183,26
20171013184,15
20171013191,104
20171013192,32
20171013193,25
20171013194,16
20171013201,97
20171013202,31
20171013203,24
20171013204,16
20171013211,90
20171013212,29
20171013213,23
20171013214,17
20171013221,86
20171013222,28
20171013223,24
20171013224,16
20171013231,81
20171013232,26
20171013233,22
20171013234,15
20171014001,71
20171014002,27
20171014003,21
20171014004,9
20171014011,59
20171014012,23
20171014013,15
20171014014,7
20171014021,50
20171014022,20
20171014023,12
20171014024,6
20171014031,43
20171014032,17
20171014033,10
20171014034,6
20171014041,37
20171014042,13
20171014043,8
20171014044,5
20171014051,33
20171014052,13
20171014053,8
20171014054,5
20171014061,36
20171014062,12
20171014063,8
20171014064,5
20171014071,40
20171014072,12
20171014073,10
20171014074,5
20171014081,45
20171014082,13
20171014083,12
20171014084,7
20171014091,51
20171014092,15
20171014093,15
20171014094,9
20171014101,61
20171014102,17
20171014103,20
20171014104,10
20171014111,68
20171014112,18
20171014113,23
20171014114,10
20171014121,69
20171014122,17
20171014123,25
20171014124,13
20171014131,63
20171014132,17
20171014133,24
20171014134,12
20171014141,62
20171014142,17
20171014143,28
20171014144,15
20171014151,59
20171014152,16
20171014153,24
20171014154,14
20171014161,58
20171014162,17
20171014163,24
20171014164,15
20171014171,58
20171014172,17
20171014173,25
20171014174,14
20171014181,61
20171014182,18
20171014183,30
20171014184,14
20171014191,65
20171014192,20
20171014193,32
20171014194,14
20171014201,67
20171014202,19
20171014203,34
20171014204,18
20171014211,66
20171014212,19
20171014213,36
20171014214,14
20171014221,63
20171014222,19
20171014223,35
20171014224,15
20171014231,61
20171014232,19
20171014233,32
20171014234,13
20171015001,57
20171015002,18
20171015003,33
20171015004,10
20171015011,49
20171015012,16
20171015013,22
20171015014,8
20171015021,42
20171015022,15
20171015023,15
20171015024,6
20171015031,36
20171015032,14
20171015033,10
20171015034,6
20171015041,32
20171015042,12
20171015043,8
20171015044,5
20171015051,29
20171015052,11
20171015053,7
20171015054,5
20171015061,32
20171015062,11
20171015063,8
20171015064,5
20171015071,35
20171015072,11
20171015073,9
20171015074,6
20171015081,40
20171015082,12
20171015083,11
20171015084,7
20171015091,45
20171015092,14
20171015093,15
20171015094,9
20171015101,52
20171015102,15
20171015103,19
20171015104,10
20171015111,59
20171015112,16
20171015113,25
20171015114,10
20171015121,62
20171015122,16
20171015123,29
20171015124,13
20171015131,57
20171015132,15
20171015133,28
20171015134,12
20171015141,56
20171015142,16
20171015143,31
20171015144,12
20171015151,55
20171015152,17
20171015153,29
20171015154,11
20171015161,55
20171015162,18
20171015163,29
20171015164,12
20171015171,56
20171015172,18
20171015173,29
20171015174,12
20171015181,62
20171015182,18
20171015183,33
20171015184,12
20171015191,67
20171015192,20
20171015193,34
20171015194,13
20171015201,70
20171015202,20
20171015203,37
20171015204,13
20171015211,70
20171015212,20
20171015213,37
20171015214,14
20171015221,68
20171015222,21
20171015223,35
20171015224,16
20171015231,66
20171015232,21
20171015233,31
20171015234,14
20171016001,60
20171016002,21
20171016003,27
20171016004,10
20171016011,53
20171016012,19
20171016013,16
20171016014,8
20171016021,48
20171016022,17
20171016023,13
20171016024,6
20171016031,42
20171016032,16
20171016033,10
20171016034,6
20171016041,38
20171016042,15
20171016043,9
20171016044,5
20171016051,38
20171016052,14
20171016053,8
20171016054,5
20171016061,43
20171016062,14
20171016063,10
20171016064,5
20171016071,51
20171016072,16
20171016073,12
20171016074,5
20171016081,57
20171016082,18
20171016083,14
20171016084,6
20171016091,70
20171016092,20
20171016093,19
20171016094,9
20171016101,93
20171016102,22
20171016103,28
20171016104,12
20171016111,116
20171016112,27
20171016113,33
20171016114,13
20171016121,118
20171016122,32
20171016123,33
20171016124,17
20171016131,107
20171016132,32
20171016133,31
20171016134,13
20171016141,114
20171016142,34
20171016143,35
20171016144,15
20171016151,111
20171016152,34
20171016153,31
20171016154,16
20171016161,108
20171016162,35
20171016163,28
20171016164,16
20171016171,108
20171016172,35
20171016173,29
20171016174,15
20171016181,112
20171016182,37
20171016183,33
20171016184,14
20171016191,115
20171016192,39
20171016193,31
20171016194,14
20171016201,108
20171016202,38
20171016203,30
20171016204,16
20171016211,99
20171016212,36
20171016213,29
20171016214,14
20171016221,93
20171016222,36
20171016223,30
20171016224,16
20171016231,90
20171016232,35
20171016233,28
20171016234,14
20171017001,83
20171017002,33
20171017003,26
20171017004,9
20171017011,71
20171017012,30
20171017013,17
20171017014,8
20171017021,61
20171017022,26
20171017023,14
20171017024,6
20171017031,53
20171017032,21
20171017033,12
20171017034,6
20171017041,45
20171017042,17
20171017043,10
20171017044,5
20171017051,42
20171017052,16
20171017053,10
20171017054,5
20171017061,47
20171017062,16
20171017063,11
20171017064,5
20171017071,55
20171017072,19
20171017073,13
20171017074,6
20171017081,63
20171017082,20
20171017083,16
20171017084,7
20171017091,76
20171017092,22
20171017093,20
20171017094,9
20171017101,98
20171017102,26
20171017103,28
20171017104,11
20171017111,112
20171017112,31
20171017113,36
20171017114,13
20171017121,113
20171017122,35
20171017123,38
20171017124,15
20171017131,105
20171017132,34
20171017133,38
20171017134,13
20171017141,112
20171017142,38
20171017143,43
20171017144,14
20171017151,110
20171017152,37
20171017153,38
20171017154,14
20171017161,107
20171017162,37
20171017163,33
20171017164,14
20171017171,109
20171017172,37
20171017173,31
20171017174,14
20171017181,112
20171017182,39
20171017183,33
20171017184,14
20171017191,114
20171017192,40
20171017193,31
20171017194,14
20171017201,109
20171017202,40
20171017203,29
20171017204,15
20171017211,100
20171017212,37
20171017213,29
20171017214,16
20171017221,93
20171017222,35
20171017223,29
20171017224,17
20171017231,88
20171017232,34
20171017233,27
20171017234,14
20171018001,82
20171018002,33
20171018003,27
20171018004,10
20171018011,69
20171018012,30
20171018013,18
20171018014,8
20171018021,58
20171018022,25
20171018023,14
20171018024,6
20171018031,51
20171018032,21
20171018033,11
20171018034,6
20171018041,44
20171018042,17
20171018043,9
20171018044,5
20171018051,41
20171018052,16
20171018053,8
20171018054,5
20171018061,46
20171018062,16
20171018063,9
20171018064,5
20171018071,54
20171018072,19
20171018073,12
20171018074,6
20171018081,61
20171018082,20
20171018083,15
20171018084,7
20171018091,72
20171018092,22
20171018093,19
20171018094,9
20171018101,94
20171018102,26
20171018103,28
20171018104,12
20171018111,111
20171018112,31
20171018113,33
20171018114,14
20171018121,111
20171018122,34
20171018123,34
20171018124,15
20171018131,103
20171018132,32
20171018133,34
20171018134,14
20171018141,112
20171018142,38
20171018143,39
20171018144,15
20171018151,109
20171018152,38
20171018153,37
20171018154,15
20171018161,106
20171018162,37
20171018163,35
20171018164,15
20171018171,109
20171018172,37
20171018173,35
20171018174,15
20171018181,113
20171018182,39
20171018183,36
20171018184,15
20171018191,116
20171018192,41
20171018193,34
20171018194,15
20171018201,109
20171018202,40
20171018203,32
20171018204,16
20171018211,101
20171018212,37
20171018213,29
20171018214,15
20171018221,95
20171018222,34
20171018223,30
20171018224,16
20171018231,90
20171018232,34
20171018233,27
20171018234,14
20171019001,82
20171019002,33
20171019003,27
20171019004,10
20171019011,69
20171019012,30
20171019013,17
20171019014,9
20171019021,58
20171019022,25
20171019023,14
20171019024,6
20171019031,50
20171019032,21
20171019033,11
20171019034,6
20171019041,43
20171019042,17
20171019043,9
20171019044,5
20171019051,40
20171019052,16
20171019053,8
20171019054,5
20171019061,45
20171019062,16
20171019063,9
20171019064,5
20171019071,52
20171019072,18
20171019073,12
20171019074,5
20171019081,60
20171019082,20
20171019083,16
20171019084,7
20171019091,74
20171019092,22
20171019093,22
20171019094,9
20171019101,99
20171019102,26
20171019103,30
20171019104,12
20171019111,113
20171019112,31
20171019113,35
20171019114,13
20171019121,113
20171019122,35
20171019123,36
20171019124,16
20171019131,104
20171019132,31
20171019133,34
20171019134,15
20171019141,111
20171019142,38
20171019143,39
20171019144,15
20171019151,109
20171019152,37
20171019153,36
20171019154,15
20171019161,106
20171019162,36
20171019163,34
20171019164,15
20171019171,108
20171019172,36
20171019173,33
20171019174,15
20171019181,113
20171019182,39
20171019183,35
20171019184,15
20171019191,116
20171019192,40
20171019193,32
20171019194,15
20171019201,108
20171019202,39
20171019203,32
20171019204,16
20171019211,100
20171019212,35
20171019213,31
20171019214,16
20171019221,94
20171019222,33
20171019223,30
20171019224,16
20171019231,90
20171019232,32
20171019233,29
20171019234,14
20171020001,81
20171020002,31
20171020003,29
20171020004,9
20171020011,68
20171020012,28
20171020013,19
20171020014,7
20171020021,56
20171020022,24
20171020023,15
20171020024,6
20171020031,48
20171020032,20
20171020033,12
20171020034,6
20171020041,41
20171020042,17
20171020043,9
20171020044,5
20171020051,39
20171020052,15
20171020053,9
20171020054,5
20171020061,44
20171020062,16
20171020063,10
20171020064,5
20171020071,50
20171020072,18
20171020073,13
20171020074,5
20171020081,59
20171020082,19
20171020083,16
20171020084,7
20171020091,69
20171020092,21
20171020093,23
20171020094,9
20171020101,87
20171020102,25
20171020103,31
20171020104,11
20171020111,98
20171020112,28
20171020113,35
20171020114,13
20171020121,103
20171020122,32
20171020123,36
20171020124,13
20171020131,92
20171020132,30
20171020133,35
20171020134,13
20171020141,101
20171020142,33
20171020143,39
20171020144,14
20171020151,100
20171020152,33
20171020153,36
20171020154,14
20171020161,93
20171020162,31
20171020163,32
20171020164,15
20171020171,93
20171020172,32
20171020173,31
20171020174,16
20171020181,100
20171020182,32
20171020183,32
20171020184,15
20171020191,102
20171020192,33
20171020193,29
20171020194,16
20171020201,95
20171020202,32
20171020203,28
20171020204,16
20171020211,88
20171020212,29
20171020213,27
20171020214,16
20171020221,84
20171020222,28
20171020223,27
20171020224,16
20171020231,79
20171020232,27
20171020233,26
20171020234,14
20171021001,69
20171021002,27
20171021003,27
20171021004,10
20171021011,57
20171021012,24
20171021013,18
20171021014,8
20171021021,49
20171021022,20
20171021023,14
20171021024,6
20171021031,41
20171021032,17
20171021033,11
20171021034,6
20171021041,35
20171021042,13
20171021043,9
20171021044,5
20171021051,32
20171021052,12
20171021053,8
20171021054,5
20171021061,35
20171021062,11
20171021063,9
20171021064,5
20171021071,39
20171021072,12
20171021073,11
20171021074,5
20171021081,44
20171021082,13
20171021083,14
20171021084,7
20171021091,49
20171021092,15
20171021093,18
20171021094,9
20171021101,60
20171021102,17
20171021103,23
20171021104,10
20171021111,67
20171021112,18
20171021113,28
20171021114,12
20171021121,68
20171021122,17
20171021123,28
20171021124,14
20171021131,60
20171021132,17
20171021133,27
20171021134,14
20171021141,60
20171021142,17
20171021143,33
20171021144,14
20171021151,58
20171021152,17
20171021153,31
20171021154,14
20171021161,56
20171021162,18
20171021163,33
20171021164,14
20171021171,56
20171021172,18
20171021173,43
20171021174,14
20171021181,60
20171021182,18
20171021183,48
20171021184,13
20171021191,64
20171021192,19
20171021193,50
20171021194,14
20171021201,65
20171021202,20
20171021203,53
20171021204,16
20171021211,64
20171021212,19
20171021213,48
20171021214,15
20171021221,62
20171021222,20
20171021223,41
20171021224,16
20171021231,60
20171021232,20
20171021233,36
20171021234,15
20171022001,56
20171022002,19
20171022003,37
20171022004,10
20171022011,48
20171022012,17
20171022013,23
20171022014,8
20171022021,41
20171022022,16
20171022023,15
20171022024,6
20171022031,36
20171022032,15
20171022033,10
20171022034,6
20171022041,32
20171022042,12
20171022043,8
20171022044,5
20171022051,29
20171022052,11
20171022053,7
20171022054,5
20171022061,31
20171022062,11
20171022063,8
20171022064,5
20171022071,35
20171022072,11
20171022073,10
20171022074,5
20171022081,40
20171022082,12
20171022083,13
20171022084,7
20171022091,45
20171022092,14
20171022093,16
20171022094,9
20171022101,52
20171022102,14
20171022103,20
20171022104,10
20171022111,60
20171022112,16
20171022113,24
20171022114,12
20171022121,64
20171022122,16
20171022123,27
20171022124,13
20171022131,58
20171022132,15
20171022133,28
20171022134,13
20171022141,56
20171022142,16
20171022143,31
20171022144,13
20171022151,56
20171022152,16
20171022153,28
20171022154,13
20171022161,54
20171022162,18
20171022163,27
20171022164,13
20171022171,56
20171022172,18
20171022173,31
20171022174,14
20171022181,63
20171022182,19
20171022183,33
20171022184,13
20171022191,67
20171022192,20
20171022193,32
20171022194,13
20171022201,68
20171022202,20
20171022203,31
20171022204,14
20171022211,66
20171022212,20
20171022213,32
20171022214,13
20171022221,65
20171022222,21
20171022223,31
20171022224,13
20171022231,65
20171022232,21
20171022233,28
20171022234,14
20171023001,60
20171023002,20
20171023003,24
20171023004,10
20171023011,53
20171023012,18
20171023013,15
20171023014,8
20171023021,47
20171023022,16
20171023023,12
20171023024,6
20171023031,42
20171023032,16
20171023033,9
20171023034,5
20171023041,38
20171023042,15
20171023043,7
20171023044,5
20171023051,38
20171023052,14
20171023053,7
20171023054,5
20171023061,44
20171023062,14
20171023063,8
20171023064,5
20171023071,51
20171023072,16
20171023073,10
20171023074,5
20171023081,58
20171023082,18
20171023083,13
20171023084,6
20171023091,69
20171023092,21
20171023093,17
20171023094,9
20171023101,90
20171023102,23
20171023103,25
20171023104,12
20171023111,112
20171023112,28
20171023113,28
20171023114,14
20171023121,115
20171023122,32
20171023123,28
20171023124,15
20171023131,106
20171023132,31
20171023133,26
20171023134,14
20171023141,113
20171023142,33
20171023143,31
20171023144,13
20171023151,113
20171023152,34
20171023153,27
20171023154,13
20171023161,110
20171023162,33
20171023163,26
20171023164,14
20171023171,111
20171023172,34
20171023173,25
20171023174,14
20171023181,115
20171023182,36
20171023183,25
20171023184,14
20171023191,118
20171023192,39
20171023193,23
20171023194,14
20171023201,110
20171023202,38
20171023203,22
20171023204,16
20171023211,100
20171023212,36
20171023213,23
20171023214,15
20171023221,93
20171023222,36
20171023223,23
20171023224,16
20171023231,90
20171023232,35
20171023233,22
20171023234,14
20171024001,83
20171024002,33
20171024003,22
20171024004,10
20171024011,71
20171024012,30
20171024013,14
20171024014,8
20171024021,60
20171024022,26
20171024023,10
20171024024,7
20171024031,52
20171024032,21
20171024033,8
20171024034,6
20171024041,45
20171024042,17
20171024043,7
20171024044,5
20171024051,41
20171024052,16
20171024053,7
20171024054,5
20171024061,46
20171024062,16
20171024063,8
20171024064,5
20171024071,54
20171024072,18
20171024073,9
20171024074,6
20171024081,61
20171024082,20
20171024083,12
20171024084,7
20171024091,76
20171024092,22
20171024093,16
20171024094,9
20171024101,99
20171024102,25
20171024103,22
20171024104,12
20171024111,114
20171024112,31
20171024113,26
20171024114,14
20171024121,114
20171024122,36
20171024123,26
20171024124,16
20171024131,107
20171024132,34
20171024133,25
20171024134,14
20171024141,115
20171024142,37
20171024143,29
20171024144,15
20171024151,113
20171024152,37
20171024153,25
20171024154,16
20171024161,109
20171024162,36
20171024163,24
20171024164,15
20171024171,110
20171024172,37
20171024173,24
20171024174,16
20171024181,114
20171024182,38
20171024183,25
20171024184,15
20171024191,119
20171024192,40
20171024193,23
20171024194,15
20171024201,109
20171024202,40
20171024203,22
20171024204,15
20171024211,101
20171024212,37
20171024213,22
20171024214,15
20171024221,94
20171024222,35
20171024223,21
20171024224,16
20171024231,89
20171024232,34
20171024233,21
20171024234,14
20171025001,81
20171025002,33
20171025003,20
20171025004,10
20171025011,69
20171025012,30
20171025013,14
20171025014,8
20171025021,58
20171025022,25
20171025023,10
20171025024,6
20171025031,51
20171025032,21
20171025033,8
20171025034,6
20171025041,44
20171025042,17
20171025043,7
20171025044,5
20171025051,41
20171025052,16
20171025053,7
20171025054,5
20171025061,46
20171025062,16
20171025063,7
20171025064,5
20171025071,54
20171025072,18
20171025073,9
20171025074,6
20171025081,61
20171025082,20
20171025083,11
20171025084,7
20171025091,71
20171025092,22
20171025093,15
20171025094,8
20171025101,94
20171025102,25
20171025103,20
20171025104,12
20171025111,112
20171025112,31
20171025113,24
20171025114,13
20171025121,112
20171025122,34
20171025123,24
20171025124,14
20171025131,104
20171025132,31
20171025133,23
20171025134,13
20171025141,112
20171025142,37
20171025143,27
20171025144,15
20171025151,111
20171025152,37
20171025153,25
20171025154,15
20171025161,107
20171025162,35
20171025163,23
20171025164,16
20171025171,108
20171025172,36
20171025173,22
20171025174,15
20171025181,113
20171025182,39
20171025183,22
20171025184,14
20171025191,115
20171025192,41
20171025193,22
20171025194,15
20171025201,109
20171025202,39
20171025203,21
20171025204,17
20171025211,101
20171025212,36
20171025213,21
20171025214,15
20171025221,97
20171025222,33
20171025223,20
20171025224,17
20171025231,93
20171025232,33
20171025233,19
20171025234,14
20171026001,86
20171026002,33
20171026003,19
20171026004,10
20171026011,72
20171026012,29
20171026013,14
20171026014,9
20171026021,59
20171026022,25
20171026023,10
20171026024,6
20171026031,51
20171026032,21
20171026033,8
20171026034,6
20171026041,44
20171026042,17
20171026043,7
20171026044,5
20171026051,40
20171026052,17
20171026053,6
20171026054,5
20171026061,46
20171026062,17
20171026063,7
20171026064,5
20171026071,52
20171026072,19
20171026073,8
20171026074,6
20171026081,60
20171026082,20
20171026083,10
20171026084,7
20171026091,76
20171026092,22
20171026093,14
20171026094,10
20171026101,102
20171026102,25
20171026103,20
20171026104,13
20171026111,114
20171026112,31
20171026113,23
20171026114,14
20171026121,114
20171026122,34
20171026123,24
20171026124,14
20171026131,105
20171026132,30
20171026133,23
20171026134,14
20171026141,113
20171026142,36
20171026143,27
20171026144,15
20171026151,111
20171026152,36
20171026153,25
20171026154,16
20171026161,108
20171026162,34
20171026163,24
20171026164,16
20171026171,110
20171026172,35
20171026173,24
20171026174,16
20171026181,115
20171026182,37
20171026183,25
20171026184,16
20171026191,117
20171026192,38
20171026193,24
20171026194,15
20171026201,108
20171026202,37
20171026203,22
20171026204,16
20171026211,101
20171026212,33
20171026213,21
20171026214,16
20171026221,95
20171026222,31
20171026223,20
20171026224,16
20171026231,91
20171026232,31
20171026233,19
20171026234,14
20171027001,83
20171027002,30
20171027003,19
20171027004,10
20171027011,68
20171027012,27
20171027013,14
20171027014,8
20171027021,57
20171027022,23
20171027023,11
20171027024,6
20171027031,48
20171027032,20
20171027033,9
20171027034,6
20171027041,41
20171027042,17
20171027043,7
20171027044,5
20171027051,39
20171027052,16
20171027053,7
20171027054,5
20171027061,43
20171027062,16
20171027063,8
20171027064,5
20171027071,49
20171027072,18
20171027073,9
20171027074,5
20171027081,58
20171027082,19
20171027083,11
20171027084,6
20171027091,70
20171027092,21
20171027093,14
20171027094,8
20171027101,88
20171027102,24
20171027103,19
20171027104,11
20171027111,99
20171027112,27
20171027113,23
20171027114,13
20171027121,103
20171027122,31
20171027123,23
20171027124,15
20171027131,94
20171027132,29
20171027133,22
20171027134,14
20171027141,101
20171027142,32
20171027143,27
20171027144,13
20171027151,100
20171027152,31
20171027153,25
20171027154,14
20171027161,94
20171027162,30
20171027163,24
20171027164,15
20171027171,95
20171027172,30
20171027173,24
20171027174,16
20171027181,101
20171027182,31
20171027183,26
20171027184,15
20171027191,104
20171027192,32
20171027193,24
20171027194,16
20171027201,97
20171027202,31
20171027203,24
20171027204,17
20171027211,90
20171027212,28
20171027213,23
20171027214,16
20171027221,85
20171027222,27
20171027223,24
20171027224,16
20171027231,81
20171027232,26
20171027233,23
20171027234,14
20171028001,71
20171028002,27
20171028003,19
20171028004,9
20171028011,58
20171028012,23
20171028013,13
20171028014,7
20171028021,50
20171028022,19
20171028023,10
20171028024,6
20171028031,41
20171028032,17
20171028033,8
20171028034,6
20171028041,35
20171028042,12
20171028043,7
20171028044,5
20171028051,32
20171028052,12
20171028053,7
20171028054,5
20171028061,34
20171028062,12
20171028063,7
20171028064,5
20171028071,38
20171028072,12
20171028073,8
20171028074,5
20171028081,44
20171028082,13
20171028083,10
20171028084,7
20171028091,50
20171028092,14
20171028093,13
20171028094,9
20171028101,59
20171028102,16
20171028103,18
20171028104,10
20171028111,67
20171028112,17
20171028113,22
20171028114,11
20171028121,69
20171028122,17
20171028123,24
20171028124,13
20171028131,64
20171028132,16
20171028133,24
20171028134,12
20171028141,63
20171028142,16
20171028143,28
20171028144,15
20171028151,61
20171028152,16
20171028153,24
20171028154,16
20171028161,58
20171028162,17
20171028163,23
20171028164,15
20171028171,59
20171028172,17
20171028173,25
20171028174,15
20171028181,61
20171028182,17
20171028183,30
20171028184,15
20171028191,65
20171028192,19
20171028193,34
20171028194,14
20171028201,66
20171028202,18
20171028203,39
20171028204,16
20171028211,64
20171028212,19
20171028213,41
20171028214,15
20171028221,62
20171028222,19
20171028223,34
20171028224,16
20171028231,59
20171028232,19
20171028233,30
20171028234,14
20171029001,55
20171029002,19
20171029003,24
20171029004,10
20171029011,47
20171029012,17
20171029013,16
20171029014,8
20171029021,40
20171029022,15
20171029023,12
20171029024,6
20171029031,35
20171029032,14
20171029033,10
20171029034,5
20171029041,30
20171029042,11
20171029043,8
20171029044,5
20171029051,28
20171029052,11
20171029053,7
20171029054,5
20171029061,30
20171029062,11
20171029063,8
20171029064,5
20171029071,34
20171029072,11
20171029073,10
20171029074,5
20171029081,39
20171029082,11
20171029083,12
20171029084,7
20171029091,44
20171029092,13
20171029093,14
20171029094,9
20171029101,50
20171029102,14
20171029103,18
20171029104,10
20171029111,58
20171029112,16
20171029113,24
20171029114,10
20171029121,63
20171029122,15
20171029123,27
20171029124,12
20171029131,57
20171029132,15
20171029133,27
20171029134,12
20171029141,56
20171029142,16
20171029143,33
20171029144,12
20171029151,56
20171029152,16
20171029153,30
20171029154,11
20171029161,54
20171029162,17
20171029163,29
20171029164,12
20171029171,55
20171029172,18
20171029173,30
20171029174,13
20171029181,61
20171029182,18
20171029183,39
20171029184,13
20171029191,66
20171029192,19
20171029193,45
20171029194,13
20171029201,65
20171029202,19
20171029203,53
20171029204,15
20171029211,64
20171029212,19
20171029213,46
20171029214,15
20171029221,63
20171029222,20
20171029223,34
20171029224,16
20171029231,63
20171029232,20
20171029233,31
20171029234,14
20171030001,58
20171030002,20
20171030003,26
20171030004,10
20171030011,51
20171030012,18
20171030013,15
20171030014,7
20171030021,44
20171030022,17
20171030023,11
20171030024,6
20171030031,40
20171030032,15
20171030033,9
20171030034,6
20171030041,37
20171030042,14
20171030043,8
20171030044,5
20171030051,36
20171030052,13
20171030053,8
20171030054,5
20171030061,42
20171030062,14
20171030063,9
20171030064,5
20171030071,49
20171030072,16
20171030073,11
20171030074,5
20171030081,55
20171030082,17
20171030083,13
20171030084,6
20171030091,68
20171030092,19
20171030093,17
20171030094,9
20171030101,91
20171030102,21
20171030103,25
20171030104,12
20171030111,113
20171030112,25
20171030113,33
20171030114,14
20171030121,115
20171030122,29
20171030123,33
20171030124,16
20171030131,105
20171030132,30
20171030133,31
20171030134,14
20171030141,113
20171030142,32
20171030143,35
20171030144,15
20171030151,111
20171030152,33
20171030153,33
20171030154,16
20171030161,107
20171030162,32
20171030163,31
20171030164,16
20171030171,108
20171030172,33
20171030173,30
20171030174,16
20171030181,112
20171030182,34
20171030183,30
20171030184,15
20171030191,112
20171030192,38
20171030193,31
20171030194,14
20171030201,105
20171030202,38
20171030203,31
20171030204,16
20171030211,94
20171030212,35
20171030213,29
20171030214,15
20171030221,84
20171030222,34
20171030223,28
20171030224,16
20171030231,83
20171030232,33
20171030233,26
20171030234,14
20171031001,78
20171031002,32
20171031003,22
20171031004,9
20171031011,67
20171031012,29
20171031013,15
20171031014,8
20171031021,59
20171031022,25
20171031023,11
20171031024,6
20171031031,52
20171031032,21
20171031033,9
20171031034,6
20171031041,44
20171031042,17
20171031043,8
20171031044,5
20171031051,40
20171031052,15
20171031053,8
20171031054,5
20171031061,45
20171031062,16
20171031063,9
20171031064,5
20171031071,50
20171031072,19
20171031073,11
20171031074,6
20171031081,58
20171031082,19
20171031083,13
20171031084,7
20171031091,75
20171031092,21
20171031093,17
20171031094,9
20171031101,97
20171031102,24
20171031103,23
20171031104,12
20171031111,111
20171031112,29
20171031113,30
20171031114,13
20171031121,112
20171031122,32
20171031123,30
20171031124,15
20171031131,105
20171031132,31
20171031133,28
20171031134,14
20171031141,113
20171031142,36
20171031143,34
20171031144,15
20171031151,111
20171031152,37
20171031153,33
20171031154,15
20171031161,106
20171031162,36
20171031163,32
20171031164,15
20171031171,108
20171031172,36
20171031173,30
20171031174,15
20171031181,111
20171031182,38
20171031183,31
20171031184,15
20171031191,110
20171031192,39
20171031193,29
20171031194,15
20171031201,104
20171031202,39
20171031203,28
20171031204,15
20171031211,96
20171031212,35
20171031213,26
20171031214,16
20171031221,86
20171031222,34
20171031223,25
20171031224,16
20171031231,84
20171031232,33
20171031233,24
20171031234,14
