ID,Vehicles
20170701001,70
20170701002,28
20170701003,41
20170701004,8
20170701011,59
20170701012,25
20170701013,26
20170701014,8
20170701021,50
20170701022,23
20170701023,18
20170701024,6
20170701031,41
20170701032,19
20170701033,14
20170701034,5
20170701041,35
20170701042,14
20170701043,10
20170701044,4
20170701051,33
20170701052,12
20170701053,9
20170701054,4
20170701061,35
20170701062,12
20170701063,10
20170701064,4
20170701071,39
20170701072,12
20170701073,13
20170701074,5
20170701081,42
20170701082,12
20170701083,15
20170701084,7
20170701091,47
20170701092,15
20170701093,18
20170701094,9
20170701101,55
20170701102,18
20170701103,23
20170701104,10
20170701111,61
20170701112,19
20170701113,26
20170701114,12
20170701121,60
20170701122,18
20170701123,27
20170701124,15
20170701131,55
20170701132,18
20170701133,27
20170701134,14
20170701141,55
20170701142,17
20170701143,31
20170701144,13
20170701151,55
20170701152,17
20170701153,30
20170701154,14
20170701161,56
20170701162,18
20170701163,27
20170701164,15
20170701171,55
20170701172,19
20170701173,27
20170701174,14
20170701181,60
20170701182,20
20170701183,32
20170701184,14
20170701191,65
20170701192,20
20170701193,36
20170701194,15
20170701201,67
20170701202,21
20170701203,40
20170701204,15
20170701211,66
20170701212,20
20170701213,43
20170701214,15
20170701221,66
20170701222,21
20170701223,36
20170701224,15
20170701231,64
20170701232,21
20170701233,30
20170701234,15
20170702001,58
20170702002,20
20170702003,28
20170702004,11
20170702011,49
20170702012,17
20170702013,18
20170702014,8
20170702021,40
20170702022,17
20170702023,14
20170702024,6
20170702031,35
20170702032,15
20170702033,11
20170702034,6
20170702041,30
20170702042,12
20170702043,9
20170702044,5
20170702051,27
20170702052,12
20170702053,9
20170702054,5
20170702061,29
20170702062,11
20170702063,9
20170702064,5
20170702071,32
20170702072,12
20170702073,12
20170702074,6
20170702081,36
20170702082,13
20170702083,14
20170702084,7
20170702091,43
20170702092,14
20170702093,17
20170702094,9
20170702101,49
20170702102,15
20170702103,21
20170702104,10
20170702111,56
20170702112,17
20170702113,26
20170702114,11
20170702121,59
20170702122,16
20170702123,27
20170702124,13
20170702131,55
20170702132,16
20170702133,27
20170702134,14
20170702141,54
20170702142,16
20170702143,30
20170702144,15
20170702151,53
20170702152,17
20170702153,27
20170702154,14
20170702161,54
20170702162,18
20170702163,25
20170702164,14
20170702171,55
20170702172,18
20170702173,28
20170702174,14
20170702181,62
20170702182,18
20170702183,30
20170702184,14
20170702191,66
20170702192,20
20170702193,29
20170702194,15
20170702201,67
20170702202,20
20170702203,29
20170702204,19
20170702211,66
20170702212,20
20170702213,28
20170702214,16
20170702221,65
20170702222,21
20170702223,25
20170702224,20
20170702231,64
20170702232,21
20170702233,25
20170702234,15
20170703001,59
20170703002,22
20170703003,22
20170703004,10
20170703011,50
20170703012,20
20170703013,15
20170703014,9
20170703021,43
20170703022,18
20170703023,12
20170703024,7
20170703031,38
20170703032,15
20170703033,10
20170703034,6
20170703041,34
20170703042,14
20170703043,8
20170703044,5
20170703051,34
20170703052,14
20170703053,8
20170703054,4
20170703061,40
20170703062,14
20170703063,8
20170703064,5
20170703071,47
20170703072,16
20170703073,11
20170703074,5
20170703081,55
20170703082,18
20170703083,14
20170703084,7
20170703091,65
20170703092,19
20170703093,18
20170703094,10
20170703101,81
20170703102,21
20170703103,25
20170703104,12
20170703111,96
20170703112,24
20170703113,30
20170703114,13
20170703121,101
20170703122,27
20170703123,29
20170703124,17
20170703131,90
20170703132,28
20170703133,26
20170703134,15
20170703141,96
20170703142,31
20170703143,32
20170703144,15
20170703151,94
20170703152,33
20170703153,29
20170703154,15
20170703161,90
20170703162,33
20170703163,27
20170703164,14
20170703171,93
20170703172,34
20170703173,26
20170703174,14
20170703181,103
20170703182,36
20170703183,30
20170703184,14
20170703191,109
20170703192,39
20170703193,27
20170703194,13
20170703201,106
20170703202,40
20170703203,26
20170703204,13
20170703211,101
20170703212,37
20170703213,24
20170703214,14
20170703221,95
20170703222,36
20170703223,24
20170703224,14
20170703231,90
20170703232,35
20170703233,24
20170703234,14
20170704001,89
20170704002,33
20170704003,20
20170704004,9
20170704011,75
20170704012,30
20170704013,14
20170704014,9
20170704021,67
20170704022,25
20170704023,12
20170704024,7
20170704031,53
20170704032,21
20170704033,10
20170704034,6
20170704041,45
20170704042,17
20170704043,8
20170704044,5
20170704051,42
20170704052,16
20170704053,8
20170704054,5
20170704061,47
20170704062,16
20170704063,9
20170704064,5
20170704071,55
20170704072,19
20170704073,10
20170704074,5
20170704081,61
20170704082,20
20170704083,13
20170704084,7
20170704091,72
20170704092,22
20170704093,17
20170704094,9
20170704101,94
20170704102,24
20170704103,24
20170704104,13
20170704111,115
20170704112,28
20170704113,29
20170704114,15
20170704121,114
20170704122,32
20170704123,28
20170704124,16
20170704131,105
20170704132,34
20170704133,27
20170704134,14
20170704141,112
20170704142,38
20170704143,34
20170704144,15
20170704151,110
20170704152,38
20170704153,30
20170704154,16
20170704161,108
20170704162,37
20170704163,26
20170704164,15
20170704171,109
20170704172,37
20170704173,27
20170704174,16
20170704181,111
20170704182,39
20170704183,30
20170704184,16
20170704191,113
20170704192,41
20170704193,28
20170704194,15
20170704201,108
20170704202,41
20170704203,26
20170704204,16
20170704211,103
20170704212,37
20170704213,24
20170704214,15
20170704221,96
20170704222,35
20170704223,25
20170704224,18
20170704231,92
20170704232,35
20170704233,23
20170704234,13
20170705001,88
20170705002,34
20170705003,21
20170705004,10
20170705011,74
20170705012,30
20170705013,15
20170705014,7
20170705021,62
20170705022,25
20170705023,11
20170705024,6
20170705031,53
20170705032,21
20170705033,10
20170705034,6
20170705041,45
20170705042,17
20170705043,8
20170705044,5
20170705051,42
20170705052,16
20170705053,8
20170705054,5
20170705061,48
20170705062,16
20170705063,9
20170705064,5
20170705071,54
20170705072,19
20170705073,10
20170705074,5
20170705081,61
20170705082,20
20170705083,13
20170705084,7
20170705091,71
20170705092,22
20170705093,19
20170705094,9
20170705101,90
20170705102,25
20170705103,27
20170705104,13
20170705111,109
20170705112,30
20170705113,29
20170705114,14
20170705121,113
20170705122,35
20170705123,28
20170705124,15
20170705131,103
20170705132,32
20170705133,28
20170705134,13
20170705141,111
20170705142,38
20170705143,34
20170705144,14
20170705151,110
20170705152,38
20170705153,31
20170705154,15
20170705161,106
20170705162,37
20170705163,29
20170705164,15
20170705171,108
20170705172,37
20170705173,28
20170705174,16
20170705181,112
20170705182,39
20170705183,31
20170705184,15
20170705191,114
20170705192,41
20170705193,28
20170705194,15
20170705201,108
20170705202,41
20170705203,27
20170705204,18
20170705211,102
20170705212,37
20170705213,26
20170705214,16
20170705221,94
20170705222,35
20170705223,25
20170705224,16
20170705231,90
20170705232,34
20170705233,23
20170705234,15
20170706001,83
20170706002,34
20170706003,21
20170706004,10
20170706011,71
20170706012,29
20170706013,15
20170706014,9
20170706021,60
20170706022,25
20170706023,12
20170706024,7
20170706031,51
20170706032,24
20170706033,9
20170706034,6
20170706041,44
20170706042,18
20170706043,8
20170706044,5
20170706051,42
20170706052,17
20170706053,8
20170706054,5
20170706061,47
20170706062,17
20170706063,8
20170706064,5
20170706071,53
20170706072,19
20170706073,10
20170706074,5
20170706081,60
20170706082,19
20170706083,13
20170706084,7
20170706091,70
20170706092,22
20170706093,18
20170706094,10
20170706101,96
20170706102,25
20170706103,25
20170706104,14
20170706111,115
20170706112,30
20170706113,30
20170706114,13
20170706121,113
20170706122,35
20170706123,30
20170706124,16
20170706131,104
20170706132,32
20170706133,28
20170706134,14
20170706141,113
20170706142,38
20170706143,33
20170706144,15
20170706151,112
20170706152,37
20170706153,30
20170706154,16
20170706161,108
20170706162,35
20170706163,27
20170706164,17
20170706171,109
20170706172,36
20170706173,26
20170706174,16
20170706181,114
20170706182,39
20170706183,28
20170706184,16
20170706191,115
20170706192,41
20170706193,26
20170706194,15
20170706201,107
20170706202,40
20170706203,24
20170706204,15
20170706211,101
20170706212,35
20170706213,24
20170706214,14
20170706221,93
20170706222,32
20170706223,24
20170706224,16
20170706231,90
20170706232,34
20170706233,23
20170706234,14
20170707001,82
20170707002,32
20170707003,20
20170707004,9
20170707011,69
20170707012,28
20170707013,14
20170707014,7
20170707021,59
20170707022,24
20170707023,12
20170707024,6
20170707031,49
20170707032,20
20170707033,9
20170707034,5
20170707041,43
20170707042,17
20170707043,8
20170707044,5
20170707051,40
20170707052,16
20170707053,8
20170707054,5
20170707061,45
20170707062,16
20170707063,8
20170707064,5
20170707071,53
20170707072,18
20170707073,10
20170707074,5
20170707081,60
20170707082,19
20170707083,13
20170707084,6
20170707091,71
20170707092,21
20170707093,17
20170707094,9
20170707101,88
20170707102,25
20170707103,23
20170707104,12
20170707111,103
20170707112,29
20170707113,28
20170707114,12
20170707121,102
20170707122,31
20170707123,28
20170707124,14
20170707131,93
20170707132,30
20170707133,26
20170707134,13
20170707141,102
20170707142,35
20170707143,30
20170707144,14
20170707151,101
20170707152,35
20170707153,28
20170707154,14
20170707161,95
20170707162,32
20170707163,27
20170707164,14
20170707171,95
20170707172,32
20170707173,26
20170707174,15
20170707181,99
20170707182,34
20170707183,30
20170707184,14
20170707191,103
20170707192,35
20170707193,27
20170707194,15
20170707201,96
20170707202,34
20170707203,25
20170707204,18
20170707211,91
20170707212,31
20170707213,26
20170707214,15
20170707221,85
20170707222,29
20170707223,27
20170707224,16
20170707231,80
20170707232,27
20170707233,26
20170707234,14
20170708001,71
20170708002,28
20170708003,24
20170708004,10
20170708011,58
20170708012,24
20170708013,18
20170708014,8
20170708021,49
20170708022,22
20170708023,14
20170708024,6
20170708031,41
20170708032,18
20170708033,11
20170708034,5
20170708041,36
20170708042,14
20170708043,9
20170708044,5
20170708051,33
20170708052,12
20170708053,8
20170708054,4
20170708061,34
20170708062,11
20170708063,9
20170708064,5
20170708071,37
20170708072,12
20170708073,10
20170708074,5
20170708081,43
20170708082,13
20170708083,12
20170708084,6
20170708091,48
20170708092,15
20170708093,16
20170708094,9
20170708101,56
20170708102,18
20170708103,23
20170708104,11
20170708111,61
20170708112,19
20170708113,29
20170708114,12
20170708121,60
20170708122,18
20170708123,30
20170708124,14
20170708131,55
20170708132,18
20170708133,30
20170708134,13
20170708141,56
20170708142,17
20170708143,32
20170708144,14
20170708151,57
20170708152,17
20170708153,33
20170708154,14
20170708161,56
20170708162,18
20170708163,41
20170708164,14
20170708171,55
20170708172,18
20170708173,45
20170708174,15
20170708181,59
20170708182,19
20170708183,50
20170708184,14
20170708191,63
20170708192,21
20170708193,51
20170708194,15
20170708201,66
20170708202,19
20170708203,65
20170708204,15
20170708211,63
20170708212,18
20170708213,52
20170708214,15
20170708221,62
20170708222,18
20170708223,41
20170708224,15
20170708231,62
20170708232,18
20170708233,37
20170708234,13
20170709001,56
20170709002,19
20170709003,37
20170709004,10
20170709011,47
20170709012,17
20170709013,24
20170709014,8
20170709021,40
20170709022,17
20170709023,18
20170709024,6
20170709031,35
20170709032,15
20170709033,13
20170709034,5
20170709041,30
20170709042,12
20170709043,11
20170709044,5
20170709051,28
20170709052,11
20170709053,10
20170709054,4
20170709061,30
20170709062,11
20170709063,11
20170709064,5
20170709071,33
20170709072,11
20170709073,14
20170709074,5
20170709081,38
20170709082,12
20170709083,16
20170709084,6
20170709091,44
20170709092,13
20170709093,20
20170709094,8
20170709101,51
20170709102,15
20170709103,26
20170709104,11
20170709111,59
20170709112,17
20170709113,30
20170709114,13
20170709121,60
20170709122,16
20170709123,31
20170709124,17
20170709131,54
20170709132,16
20170709133,32
20170709134,14
20170709141,54
20170709142,16
20170709143,34
20170709144,16
20170709151,53
20170709152,16
20170709153,34
20170709154,16
20170709161,52
20170709162,18
20170709163,42
20170709164,16
20170709171,54
20170709172,18
20170709173,50
20170709174,16
20170709181,61
20170709182,19
20170709183,48
20170709184,15
20170709191,66
20170709192,20
20170709193,56
20170709194,16
20170709201,66
20170709202,20
20170709203,54
20170709204,17
20170709211,64
20170709212,20
20170709213,52
20170709214,15
20170709221,64
20170709222,20
20170709223,41
20170709224,16
20170709231,62
20170709232,20
20170709233,37
20170709234,13
20170710001,57
20170710002,20
20170710003,32
20170710004,9
20170710011,50
20170710012,19
20170710013,24
20170710014,7
20170710021,43
20170710022,17
20170710023,18
20170710024,6
20170710031,38
20170710032,16
20170710033,12
20170710034,5
20170710041,34
20170710042,15
20170710043,10
20170710044,4
20170710051,34
20170710052,14
20170710053,9
20170710054,4
20170710061,40
20170710062,14
20170710063,11
20170710064,4
20170710071,47
20170710072,17
20170710073,15
20170710074,5
20170710081,56
20170710082,19
20170710083,17
20170710084,6
20170710091,68
20170710092,21
20170710093,24
20170710094,9
20170710101,90
20170710102,23
20170710103,32
20170710104,12
20170710111,112
20170710112,26
20170710113,34
20170710114,13
20170710121,113
20170710122,29
20170710123,33
20170710124,14
20170710131,99
20170710132,31
20170710133,30
20170710134,12
20170710141,105
20170710142,34
20170710143,34
20170710144,14
20170710151,105
20170710152,35
20170710153,30
20170710154,14
20170710161,103
20170710162,35
20170710163,28
20170710164,14
20170710171,103
20170710172,35
20170710173,29
20170710174,15
20170710181,110
20170710182,37
20170710183,32
20170710184,15
20170710191,114
20170710192,39
20170710193,30
20170710194,15
20170710201,109
20170710202,39
20170710203,31
20170710204,15
20170710211,100
20170710212,37
20170710213,28
20170710214,15
20170710221,93
20170710222,36
20170710223,27
20170710224,15
20170710231,89
20170710232,35
20170710233,25
20170710234,15
20170711001,86
20170711002,34
20170711003,21
20170711004,9
20170711011,74
20170711012,30
20170711013,18
20170711014,8
20170711021,64
20170711022,25
20170711023,15
20170711024,6
20170711031,53
20170711032,21
20170711033,12
20170711034,5
20170711041,45
20170711042,17
20170711043,10
20170711044,5
20170711051,43
20170711052,16
20170711053,9
20170711054,4
20170711061,48
20170711062,17
20170711063,10
20170711064,5
20170711071,55
20170711072,19
20170711073,13
20170711074,5
20170711081,61
20170711082,20
20170711083,16
20170711084,7
20170711091,72
20170711092,22
20170711093,20
20170711094,9
20170711101,94
20170711102,25
20170711103,29
20170711104,12
20170711111,114
20170711112,29
20170711113,31
20170711114,14
20170711121,115
20170711122,34
20170711123,29
20170711124,16
20170711131,107
20170711132,35
20170711133,28
20170711134,14
20170711141,114
20170711142,38
20170711143,32
20170711144,14
20170711151,113
20170711152,39
20170711153,28
20170711154,14
20170711161,110
20170711162,38
20170711163,27
20170711164,14
20170711171,110
20170711172,38
20170711173,27
20170711174,14
20170711181,113
20170711182,41
20170711183,30
20170711184,14
20170711191,116
20170711192,42
20170711193,27
20170711194,14
20170711201,110
20170711202,41
20170711203,27
20170711204,15
20170711211,102
20170711212,37
20170711213,26
20170711214,15
20170711221,94
20170711222,36
20170711223,26
20170711224,16
20170711231,89
20170711232,35
20170711233,24
20170711234,14
20170712001,85
20170712002,34
20170712003,20
20170712004,10
20170712011,73
20170712012,30
20170712013,16
20170712014,8
20170712021,62
20170712022,25
20170712023,13
20170712024,6
20170712031,53
20170712032,21
20170712033,10
20170712034,6
20170712041,45
20170712042,17
20170712043,9
20170712044,5
20170712051,44
20170712052,16
20170712053,8
20170712054,5
20170712061,49
20170712062,17
20170712063,9
20170712064,5
20170712071,55
20170712072,19
20170712073,12
20170712074,5
20170712081,62
20170712082,20
20170712083,15
20170712084,6
20170712091,73
20170712092,22
20170712093,18
20170712094,9
20170712101,94
20170712102,24
20170712103,25
20170712104,12
20170712111,110
20170712112,31
20170712113,27
20170712114,14
20170712121,112
20170712122,36
20170712123,27
20170712124,15
20170712131,103
20170712132,33
20170712133,25
20170712134,14
20170712141,113
20170712142,39
20170712143,31
20170712144,15
20170712151,111
20170712152,39
20170712153,26
20170712154,15
20170712161,106
20170712162,38
20170712163,24
20170712164,15
20170712171,108
20170712172,37
20170712173,24
20170712174,15
20170712181,113
20170712182,40
20170712183,27
20170712184,14
20170712191,117
20170712192,42
20170712193,24
20170712194,15
20170712201,108
20170712202,41
20170712203,24
20170712204,16
20170712211,102
20170712212,37
20170712213,23
20170712214,15
20170712221,95
20170712222,35
20170712223,22
20170712224,14
20170712231,90
20170712232,34
20170712233,21
20170712234,13
20170713001,83
20170713002,34
20170713003,19
20170713004,10
20170713011,70
20170713012,30
20170713013,14
20170713014,9
20170713021,60
20170713022,25
20170713023,12
20170713024,6
20170713031,51
20170713032,22
20170713033,10
20170713034,6
20170713041,44
20170713042,18
20170713043,8
20170713044,5
20170713051,42
20170713052,17
20170713053,8
20170713054,5
20170713061,48
20170713062,17
20170713063,9
20170713064,5
20170713071,55
20170713072,19
20170713073,12
20170713074,6
20170713081,62
20170713082,20
20170713083,14
20170713084,7
20170713091,73
20170713092,22
20170713093,17
20170713094,10
20170713101,98
20170713102,26
20170713103,23
20170713104,13
20170713111,114
20170713112,31
20170713113,27
20170713114,14
20170713121,113
20170713122,35
20170713123,26
20170713124,15
20170713131,104
20170713132,31
20170713133,25
20170713134,13
20170713141,112
20170713142,38
20170713143,29
20170713144,15
20170713151,110
20170713152,38
20170713153,26
20170713154,15
20170713161,107
20170713162,36
20170713163,23
20170713164,16
20170713171,110
20170713172,36
20170713173,22
20170713174,16
20170713181,113
20170713182,39
20170713183,28
20170713184,15
20170713191,115
20170713192,41
20170713193,25
20170713194,15
20170713201,109
20170713202,40
20170713203,23
20170713204,15
20170713211,102
20170713212,35
20170713213,22
20170713214,16
20170713221,95
20170713222,33
20170713223,22
20170713224,15
20170713231,90
20170713232,33
20170713233,21
20170713234,13
20170714001,82
20170714002,32
20170714003,19
20170714004,10
20170714011,69
20170714012,28
20170714013,14
20170714014,7
20170714021,58
20170714022,24
20170714023,10
20170714024,6
20170714031,50
20170714032,20
20170714033,8
20170714034,5
20170714041,43
20170714042,17
20170714043,7
20170714044,5
20170714051,40
20170714052,16
20170714053,7
20170714054,5
20170714061,45
20170714062,16
20170714063,8
20170714064,5
20170714071,53
20170714072,18
20170714073,9
20170714074,5
20170714081,62
20170714082,20
20170714083,12
20170714084,6
20170714091,72
20170714092,22
20170714093,16
20170714094,9
20170714101,90
20170714102,26
20170714103,21
20170714104,12
20170714111,103
20170714112,30
20170714113,24
20170714114,13
20170714121,105
20170714122,33
20170714123,24
20170714124,14
20170714131,94
20170714132,30
20170714133,23
20170714134,13
20170714141,102
20170714142,34
20170714143,27
20170714144,14
20170714151,101
20170714152,35
20170714153,24
20170714154,14
20170714161,95
20170714162,33
20170714163,22
20170714164,14
20170714171,95
20170714172,33
20170714173,23
20170714174,14
20170714181,100
20170714182,35
20170714183,24
20170714184,14
20170714191,102
20170714192,36
20170714193,22
20170714194,14
20170714201,96
20170714202,36
20170714203,22
20170714204,17
20170714211,91
20170714212,31
20170714213,22
20170714214,14
20170714221,86
20170714222,29
20170714223,23
20170714224,15
20170714231,81
20170714232,27
20170714233,21
20170714234,14
20170715001,71
20170715002,28
20170715003,20
20170715004,10
20170715011,59
20170715012,25
20170715013,14
20170715014,7
20170715021,50
20170715022,22
20170715023,10
20170715024,6
20170715031,42
20170715032,17
20170715033,8
20170715034,5
20170715041,36
20170715042,14
20170715043,7
20170715044,5
20170715051,32
20170715052,13
20170715053,6
20170715054,5
20170715061,34
20170715062,12
20170715063,7
20170715064,5
20170715071,38
20170715072,12
20170715073,9
20170715074,5
20170715081,43
20170715082,13
20170715083,11
20170715084,6
20170715091,48
20170715092,16
20170715093,13
20170715094,8
20170715101,58
20170715102,18
20170715103,19
20170715104,10
20170715111,62
20170715112,19
20170715113,22
20170715114,12
20170715121,61
20170715122,18
20170715123,23
20170715124,15
20170715131,55
20170715132,18
20170715133,23
20170715134,14
20170715141,57
20170715142,17
20170715143,26
20170715144,14
20170715151,57
20170715152,17
20170715153,23
20170715154,14
20170715161,57
20170715162,18
20170715163,22
20170715164,14
20170715171,55
20170715172,18
20170715173,26
20170715174,14
20170715181,59
20170715182,19
20170715183,27
20170715184,14
20170715191,65
20170715192,20
20170715193,26
20170715194,14
20170715201,66
20170715202,20
20170715203,24
20170715204,14
20170715211,63
20170715212,19
20170715213,24
20170715214,15
20170715221,61
20170715222,19
20170715223,25
20170715224,16
20170715231,60
20170715232,19
20170715233,23
20170715234,13
20170716001,54
20170716002,19
20170716003,22
20170716004,10
20170716011,46
20170716012,17
20170716013,15
20170716014,8
20170716021,40
20170716022,17
20170716023,11
20170716024,6
20170716031,35
20170716032,15
20170716033,9
20170716034,5
20170716041,30
20170716042,12
20170716043,7
20170716044,5
20170716051,27
20170716052,11
20170716053,7
20170716054,5
20170716061,30
20170716062,11
20170716063,7
20170716064,5
20170716071,34
20170716072,11
20170716073,9
20170716074,5
20170716081,38
20170716082,12
20170716083,11
20170716084,7
20170716091,44
20170716092,14
20170716093,13
20170716094,8
20170716101,52
20170716102,15
20170716103,18
20170716104,10
20170716111,58
20170716112,17
20170716113,21
20170716114,11
20170716121,60
20170716122,16
20170716123,24
20170716124,15
20170716131,54
20170716132,16
20170716133,24
20170716134,13
20170716141,54
20170716142,16
20170716143,26
20170716144,14
20170716151,53
20170716152,17
20170716153,25
20170716154,14
20170716161,52
20170716162,17
20170716163,25
20170716164,14
20170716171,53
20170716172,18
20170716173,25
20170716174,14
20170716181,60
20170716182,19
20170716183,28
20170716184,14
20170716191,66
20170716192,20
20170716193,27
20170716194,14
20170716201,66
20170716202,20
20170716203,27
20170716204,16
20170716211,64
20170716212,20
20170716213,26
20170716214,15
20170716221,64
20170716222,21
20170716223,27
20170716224,15
20170716231,62
20170716232,21
20170716233,29
20170716234,14
20170717001,57
20170717002,21
20170717003,26
20170717004,9
20170717011,49
20170717012,19
20170717013,17
20170717014,7
20170717021,42
20170717022,17
20170717023,13
20170717024,6
20170717031,37
20170717032,16
20170717033,10
20170717034,5
20170717041,33
20170717042,14
20170717043,8
20170717044,5
20170717051,33
20170717052,14
20170717053,8
20170717054,5
20170717061,39
20170717062,14
20170717063,8
20170717064,5
20170717071,46
20170717072,16
20170717073,11
20170717074,5
20170717081,55
20170717082,19
20170717083,13
20170717084,6
20170717091,68
20170717092,22
20170717093,18
20170717094,9
20170717101,91
20170717102,24
20170717103,25
20170717104,12
20170717111,111
20170717112,29
20170717113,30
20170717114,13
20170717121,114
20170717122,33
20170717123,32
20170717124,15
20170717131,101
20170717132,32
20170717133,32
20170717134,14
20170717141,110
20170717142,36
20170717143,34
20170717144,16
20170717151,110
20170717152,36
20170717153,31
20170717154,15
20170717161,108
20170717162,35
20170717163,31
20170717164,15
20170717171,109
20170717172,35
20170717173,34
20170717174,15
20170717181,116
20170717182,37
20170717183,39
20170717184,15
20170717191,116
20170717192,39
20170717193,35
20170717194,14
20170717201,108
20170717202,39
20170717203,33
20170717204,15
20170717211,100
20170717212,36
20170717213,32
20170717214,14
20170717221,92
20170717222,35
20170717223,33
20170717224,15
20170717231,89
20170717232,35
20170717233,32
20170717234,13
20170718001,81
20170718002,34
20170718003,31
20170718004,9
20170718011,70
20170718012,30
20170718013,20
20170718014,8
20170718021,61
20170718022,25
20170718023,16
20170718024,6
20170718031,50
20170718032,20
20170718033,13
20170718034,5
20170718041,43
20170718042,17
20170718043,11
20170718044,5
20170718051,42
20170718052,16
20170718053,10
20170718054,5
20170718061,48
20170718062,16
20170718063,11
20170718064,5
20170718071,55
20170718072,19
20170718073,14
20170718074,5
20170718081,62
20170718082,20
20170718083,17
20170718084,6
20170718091,74
20170718092,22
20170718093,27
20170718094,9
20170718101,97
20170718102,25
20170718103,39
20170718104,12
20170718111,112
20170718112,32
20170718113,40
20170718114,14
20170718121,112
20170718122,37
20170718123,39
20170718124,16
20170718131,105
20170718132,35
20170718133,37
20170718134,14
20170718141,113
20170718142,39
20170718143,43
20170718144,14
20170718151,111
20170718152,38
20170718153,40
20170718154,14
20170718161,106
20170718162,38
20170718163,37
20170718164,15
20170718171,109
20170718172,37
20170718173,34
20170718174,15
20170718181,113
20170718182,40
20170718183,37
20170718184,15
20170718191,114
20170718192,42
20170718193,35
20170718194,15
20170718201,108
20170718202,41
20170718203,33
20170718204,16
20170718211,102
20170718212,37
20170718213,30
20170718214,15
20170718221,94
20170718222,35
20170718223,32
20170718224,15
20170718231,87
20170718232,35
20170718233,30
20170718234,13
20170719001,83
20170719002,34
20170719003,29
20170719004,10
20170719011,73
20170719012,30
20170719013,19
20170719014,8
20170719021,63
20170719022,25
20170719023,15
20170719024,6
20170719031,51
20170719032,21
20170719033,12
20170719034,5
20170719041,44
20170719042,17
20170719043,10
20170719044,5
20170719051,43
20170719052,16
20170719053,9
20170719054,5
20170719061,49
20170719062,16
20170719063,10
20170719064,5
20170719071,55
20170719072,18
20170719073,14
20170719074,5
20170719081,62
20170719082,20
20170719083,17
20170719084,6
20170719091,75
20170719092,22
20170719093,24
20170719094,9
20170719101,98
20170719102,25
20170719103,37
20170719104,12
20170719111,112
20170719112,32
20170719113,43
20170719114,14
20170719121,110
20170719122,37
20170719123,42
20170719124,15
20170719131,101
20170719132,33
20170719133,40
20170719134,14
20170719141,110
20170719142,38
20170719143,47
20170719144,14
20170719151,109
20170719152,38
20170719153,45
20170719154,14
20170719161,106
20170719162,37
20170719163,43
20170719164,14
20170719171,108
20170719172,37
20170719173,42
20170719174,14
20170719181,112
20170719182,39
20170719183,43
20170719184,14
20170719191,113
20170719192,42
20170719193,41
20170719194,14
20170719201,108
20170719202,41
20170719203,39
20170719204,15
20170719211,101
20170719212,36
20170719213,33
20170719214,15
20170719221,94
20170719222,35
20170719223,31
20170719224,15
20170719231,89
20170719232,34
20170719233,28
20170719234,14
20170720001,82
20170720002,33
20170720003,27
20170720004,10
20170720011,69
20170720012,30
20170720013,18
20170720014,9
20170720021,58
20170720022,25
20170720023,14
20170720024,6
20170720031,49
20170720032,21
20170720033,11
20170720034,6
20170720041,42
20170720042,17
20170720043,9
20170720044,5
20170720051,40
20170720052,16
20170720053,9
20170720054,5
20170720061,46
20170720062,16
20170720063,10
20170720064,5
20170720071,53
20170720072,18
20170720073,14
20170720074,6
20170720081,61
20170720082,20
20170720083,18
20170720084,7
20170720091,75
20170720092,22
20170720093,26
20170720094,9
20170720101,100
20170720102,26
20170720103,35
20170720104,12
20170720111,112
20170720112,32
20170720113,42
20170720114,15
20170720121,112
20170720122,36
20170720123,43
20170720124,15
20170720131,103
20170720132,31
20170720133,38
20170720134,15
20170720141,112
20170720142,38
20170720143,44
20170720144,16
20170720151,110
20170720152,38
20170720153,45
20170720154,15
20170720161,106
20170720162,36
20170720163,43
20170720164,16
20170720171,109
20170720172,37
20170720173,42
20170720174,16
20170720181,113
20170720182,39
20170720183,42
20170720184,16
20170720191,114
20170720192,41
20170720193,40
20170720194,16
20170720201,109
20170720202,40
20170720203,39
20170720204,16
20170720211,102
20170720212,35
20170720213,38
20170720214,15
20170720221,94
20170720222,32
20170720223,35
20170720224,15
20170720231,90
20170720232,34
20170720233,32
20170720234,13
20170721001,81
20170721002,31
20170721003,37
20170721004,9
20170721011,68
20170721012,28
20170721013,22
20170721014,7
20170721021,57
20170721022,25
20170721023,16
20170721024,6
20170721031,48
20170721032,21
20170721033,12
20170721034,5
20170721041,42
20170721042,17
20170721043,9
20170721044,5
20170721051,39
20170721052,15
20170721053,9
20170721054,5
20170721061,44
20170721062,16
20170721063,9
20170721064,5
20170721071,51
20170721072,18
20170721073,13
20170721074,5
20170721081,60
20170721082,19
20170721083,17
20170721084,6
20170721091,71
20170721092,22
20170721093,24
20170721094,9
20170721101,89
20170721102,26
20170721103,33
20170721104,11
20170721111,102
20170721112,30
20170721113,38
20170721114,12
20170721121,104
20170721122,32
20170721123,39
20170721124,13
20170721131,93
20170721132,30
20170721133,35
20170721134,12
20170721141,100
20170721142,34
20170721143,38
20170721144,13
20170721151,99
20170721152,35
20170721153,36
20170721154,13
20170721161,92
20170721162,33
20170721163,33
20170721164,14
20170721171,93
20170721172,33
20170721173,32
20170721174,14
20170721181,97
20170721182,35
20170721183,34
20170721184,14
20170721191,100
20170721192,36
20170721193,32
20170721194,15
20170721201,94
20170721202,35
20170721203,31
20170721204,16
20170721211,88
20170721212,31
20170721213,30
20170721214,16
20170721221,84
20170721222,29
20170721223,28
20170721224,16
20170721231,80
20170721232,29
20170721233,27
20170721234,14
20170722001,70
20170722002,29
20170722003,27
20170722004,10
20170722011,58
20170722012,24
20170722013,18
20170722014,8
20170722021,49
20170722022,21
20170722023,13
20170722024,6
20170722031,40
20170722032,17
20170722033,10
20170722034,5
20170722041,35
20170722042,13
20170722043,8
20170722044,5
20170722051,31
20170722052,12
20170722053,8
20170722054,5
20170722061,33
20170722062,12
20170722063,9
20170722064,5
20170722071,38
20170722072,12
20170722073,11
20170722074,5
20170722081,44
20170722082,13
20170722083,15
20170722084,6
20170722091,50
20170722092,15
20170722093,19
20170722094,8
20170722101,60
20170722102,18
20170722103,25
20170722104,10
20170722111,64
20170722112,19
20170722113,28
20170722114,12
20170722121,63
20170722122,17
20170722123,27
20170722124,15
20170722131,57
20170722132,18
20170722133,26
20170722134,14
20170722141,58
20170722142,17
20170722143,32
20170722144,15
20170722151,57
20170722152,17
20170722153,28
20170722154,15
20170722161,56
20170722162,18
20170722163,27
20170722164,15
20170722171,56
20170722172,19
20170722173,25
20170722174,15
20170722181,61
20170722182,20
20170722183,29
20170722184,15
20170722191,66
20170722192,21
20170722193,33
20170722194,15
20170722201,67
20170722202,21
20170722203,41
20170722204,15
20170722211,64
20170722212,20
20170722213,35
20170722214,15
20170722221,62
20170722222,19
20170722223,28
20170722224,15
20170722231,60
20170722232,19
20170722233,26
20170722234,14
20170723001,55
20170723002,19
20170723003,23
20170723004,9
20170723011,46
20170723012,17
20170723013,15
20170723014,7
20170723021,39
20170723022,17
20170723023,12
20170723024,6
20170723031,34
20170723032,15
20170723033,9
20170723034,5
20170723041,29
20170723042,12
20170723043,8
20170723044,5
20170723051,27
20170723052,11
20170723053,7
20170723054,5
20170723061,29
20170723062,11
20170723063,8
20170723064,5
20170723071,33
20170723072,11
20170723073,9
20170723074,5
20170723081,38
20170723082,12
20170723083,13
20170723084,6
20170723091,45
20170723092,14
20170723093,15
20170723094,8
20170723101,53
20170723102,15
20170723103,18
20170723104,10
20170723111,60
20170723112,17
20170723113,23
20170723114,11
20170723121,62
20170723122,17
20170723123,26
20170723124,16
20170723131,56
20170723132,16
20170723133,24
20170723134,14
20170723141,55
20170723142,16
20170723143,28
20170723144,15
20170723151,54
20170723152,17
20170723153,26
20170723154,15
20170723161,54
20170723162,18
20170723163,25
20170723164,15
20170723171,55
20170723172,19
20170723173,23
20170723174,15
20170723181,61
20170723182,19
20170723183,27
20170723184,15
20170723191,67
20170723192,21
20170723193,27
20170723194,15
20170723201,67
20170723202,21
20170723203,33
20170723204,16
20170723211,65
20170723212,21
20170723213,32
20170723214,15
20170723221,64
20170723222,21
20170723223,29
20170723224,16
20170723231,63
20170723232,21
20170723233,26
20170723234,13
20170724001,58
20170724002,21
20170724003,22
20170724004,9
20170724011,50
20170724012,19
20170724013,14
20170724014,7
20170724021,42
20170724022,18
20170724023,10
20170724024,6
20170724031,36
20170724032,16
20170724033,8
20170724034,5
20170724041,32
20170724042,14
20170724043,7
20170724044,5
20170724051,32
20170724052,13
20170724053,7
20170724054,5
20170724061,38
20170724062,14
20170724063,7
20170724064,5
20170724071,45
20170724072,16
20170724073,10
20170724074,5
20170724081,52
20170724082,19
20170724083,12
20170724084,6
20170724091,67
20170724092,21
20170724093,16
20170724094,9
20170724101,90
20170724102,24
20170724103,23
20170724104,12
20170724111,112
20170724112,29
20170724113,27
20170724114,13
20170724121,113
20170724122,34
20170724123,27
20170724124,14
20170724131,102
20170724132,33
20170724133,26
20170724134,13
20170724141,110
20170724142,35
20170724143,30
20170724144,14
20170724151,110
20170724152,35
20170724153,27
20170724154,14
20170724161,107
20170724162,35
20170724163,25
20170724164,15
20170724171,110
20170724172,35
20170724173,25
20170724174,15
20170724181,113
20170724182,36
20170724183,26
20170724184,14
20170724191,117
20170724192,38
20170724193,24
20170724194,15
20170724201,109
20170724202,39
20170724203,25
20170724204,15
20170724211,100
20170724212,36
20170724213,23
20170724214,15
20170724221,92
20170724222,35
20170724223,24
20170724224,15
20170724231,89
20170724232,34
20170724233,22
20170724234,15
20170725001,81
20170725002,33
20170725003,21
20170725004,9
20170725011,69
20170725012,30
20170725013,14
20170725014,7
20170725021,59
20170725022,25
20170725023,10
20170725024,6
20170725031,49
20170725032,21
20170725033,8
20170725034,5
20170725041,41
20170725042,17
20170725043,7
20170725044,5
20170725051,39
20170725052,15
20170725053,7
20170725054,5
20170725061,45
20170725062,16
20170725063,7
20170725064,5
20170725071,52
20170725072,18
20170725073,9
20170725074,5
20170725081,61
20170725082,20
20170725083,11
20170725084,6
20170725091,75
20170725092,22
20170725093,16
20170725094,9
20170725101,99
20170725102,26
20170725103,23
20170725104,12
20170725111,114
20170725112,32
20170725113,26
20170725114,14
20170725121,114
20170725122,37
20170725123,26
20170725124,16
20170725131,106
20170725132,34
20170725133,25
20170725134,15
20170725141,114
20170725142,38
20170725143,31
20170725144,15
20170725151,113
20170725152,38
20170725153,27
20170725154,15
20170725161,109
20170725162,37
20170725163,25
20170725164,15
20170725171,110
20170725172,36
20170725173,24
20170725174,15
20170725181,114
20170725182,39
20170725183,25
20170725184,15
20170725191,116
20170725192,41
20170725193,24
20170725194,15
20170725201,109
20170725202,41
20170725203,23
20170725204,15
20170725211,102
20170725212,37
20170725213,22
20170725214,15
20170725221,93
20170725222,35
20170725223,22
20170725224,16
20170725231,88
20170725232,34
20170725233,21
20170725234,12
20170726001,82
20170726002,33
20170726003,20
20170726004,10
20170726011,70
20170726012,30
20170726013,14
20170726014,7
20170726021,61
20170726022,24
20170726023,9
20170726024,6
20170726031,51
20170726032,21
20170726033,8
20170726034,5
20170726041,43
20170726042,17
20170726043,7
20170726044,5
20170726051,42
20170726052,16
20170726053,7
20170726054,4
20170726061,47
20170726062,16
20170726063,7
20170726064,5
20170726071,53
20170726072,18
20170726073,9
20170726074,5
20170726081,62
20170726082,20
20170726083,11
20170726084,6
20170726091,75
20170726092,22
20170726093,16
20170726094,9
20170726101,99
20170726102,25
20170726103,21
20170726104,12
20170726111,113
20170726112,32
20170726113,25
20170726114,13
20170726121,113
20170726122,36
20170726123,25
20170726124,14
20170726131,102
20170726132,31
20170726133,24
20170726134,13
20170726141,113
20170726142,37
20170726143,29
20170726144,15
20170726151,111
20170726152,37
20170726153,26
20170726154,14
20170726161,106
20170726162,36
20170726163,24
20170726164,15
20170726171,109
20170726172,36
20170726173,23
20170726174,15
20170726181,113
20170726182,39
20170726183,25
20170726184,14
20170726191,114
20170726192,41
20170726193,24
20170726194,15
20170726201,108
20170726202,41
20170726203,23
20170726204,16
20170726211,101
20170726212,36
20170726213,22
20170726214,15
20170726221,95
20170726222,34
20170726223,23
20170726224,15
20170726231,89
20170726232,34
20170726233,21
20170726234,14
20170727001,82
20170727002,33
20170727003,19
20170727004,10
20170727011,69
20170727012,29
20170727013,13
20170727014,9
20170727021,58
20170727022,25
20170727023,10
20170727024,6
20170727031,49
20170727032,21
20170727033,8
20170727034,6
20170727041,42
20170727042,17
20170727043,7
20170727044,5
20170727051,40
20170727052,16
20170727053,7
20170727054,5
20170727061,46
20170727062,17
20170727063,7
20170727064,5
20170727071,53
20170727072,19
20170727073,8
20170727074,5
20170727081,60
20170727082,20
20170727083,11
20170727084,7
20170727091,76
20170727092,22
20170727093,15
20170727094,9
20170727101,101
20170727102,26
20170727103,20
20170727104,13
20170727111,115
20170727112,32
20170727113,24
20170727114,14
20170727121,114
20170727122,36
20170727123,24
20170727124,15
20170727131,104
20170727132,32
20170727133,23
20170727134,14
20170727141,113
20170727142,37
20170727143,28
20170727144,15
20170727151,111
20170727152,36
20170727153,24
20170727154,16
20170727161,107
20170727162,35
20170727163,23
20170727164,16
20170727171,109
20170727172,34
20170727173,24
20170727174,16
20170727181,113
20170727182,37
20170727183,27
20170727184,16
20170727191,117
20170727192,40
20170727193,26
20170727194,15
20170727201,108
20170727202,39
20170727203,26
20170727204,16
20170727211,101
20170727212,34
20170727213,26
20170727214,16
20170727221,95
20170727222,32
20170727223,26
20170727224,16
20170727231,91
20170727232,33
20170727233,25
20170727234,14
20170728001,82
20170728002,31
20170728003,23
20170728004,9
20170728011,68
20170728012,27
20170728013,15
20170728014,6
20170728021,57
20170728022,24
20170728023,12
20170728024,6
20170728031,48
20170728032,21
20170728033,9
20170728034,5
20170728041,41
20170728042,17
20170728043,8
20170728044,5
20170728051,39
20170728052,16
20170728053,7
20170728054,5
20170728061,44
20170728062,16
20170728063,8
20170728064,5
20170728071,50
20170728072,18
20170728073,9
20170728074,5
20170728081,58
20170728082,19
20170728083,11
20170728084,6
20170728091,71
20170728092,21
20170728093,15
20170728094,8
20170728101,90
20170728102,25
20170728103,20
20170728104,12
20170728111,104
20170728112,30
20170728113,25
20170728114,13
20170728121,105
20170728122,32
20170728123,26
20170728124,14
20170728131,95
20170728132,29
20170728133,27
20170728134,13
20170728141,101
20170728142,32
20170728143,31
20170728144,14
20170728151,100
20170728152,33
20170728153,29
20170728154,13
20170728161,94
20170728162,32
20170728163,28
20170728164,14
20170728171,95
20170728172,31
20170728173,29
20170728174,15
20170728181,98
20170728182,34
20170728183,31
20170728184,15
20170728191,100
20170728192,34
20170728193,29
20170728194,16
20170728201,96
20170728202,34
20170728203,28
20170728204,16
20170728211,89
20170728212,30
20170728213,28
20170728214,15
20170728221,85
20170728222,28
20170728223,29
20170728224,16
20170728231,81
20170728232,28
20170728233,31
20170728234,14
20170729001,71
20170729002,28
20170729003,44
20170729004,10
20170729011,59
20170729012,24
20170729013,21
20170729014,7
20170729021,49
20170729022,21
20170729023,15
20170729024,6
20170729031,41
20170729032,17
20170729033,12
20170729034,5
20170729041,35
20170729042,12
20170729043,10
20170729044,5
20170729051,31
20170729052,12
20170729053,10
20170729054,5
20170729061,33
20170729062,12
20170729063,11
20170729064,5
20170729071,38
20170729072,12
20170729073,13
20170729074,5
20170729081,44
20170729082,13
20170729083,15
20170729084,6
20170729091,50
20170729092,15
20170729093,19
20170729094,9
20170729101,59
20170729102,17
20170729103,25
20170729104,11
20170729111,66
20170729112,18
20170729113,29
20170729114,13
20170729121,66
20170729122,17
20170729123,32
20170729124,15
20170729131,59
20170729132,17
20170729133,31
20170729134,14
20170729141,59
20170729142,16
20170729143,34
20170729144,14
20170729151,57
20170729152,16
20170729153,34
20170729154,15
20170729161,57
20170729162,17
20170729163,37
20170729164,16
20170729171,57
20170729172,18
20170729173,38
20170729174,15
20170729181,61
20170729182,19
20170729183,39
20170729184,15
20170729191,66
20170729192,20
20170729193,41
20170729194,15
20170729201,67
20170729202,20
20170729203,41
20170729204,15
20170729211,64
20170729212,19
20170729213,42
20170729214,15
20170729221,62
20170729222,19
20170729223,35
20170729224,15
20170729231,59
20170729232,19
20170729233,34
20170729234,14
20170730001,55
20170730002,19
20170730003,30
20170730004,9
20170730011,46
20170730012,17
20170730013,18
20170730014,7
20170730021,39
20170730022,16
20170730023,14
20170730024,6
20170730031,34
20170730032,14
20170730033,11
20170730034,5
20170730041,29
20170730042,11
20170730043,10
20170730044,5
20170730051,27
20170730052,11
20170730053,9
20170730054,5
20170730061,30
20170730062,11
20170730063,10
20170730064,5
20170730071,33
20170730072,11
20170730073,12
20170730074,5
20170730081,38
20170730082,12
20170730083,14
20170730084,6
20170730091,45
20170730092,12
20170730093,18
20170730094,8
20170730101,53
20170730102,13
20170730103,23
20170730104,10
20170730111,60
20170730112,16
20170730113,27
20170730114,11
20170730121,62
20170730122,16
20170730123,31
20170730124,15
20170730131,57
20170730132,15
20170730133,30
20170730134,14
20170730141,58
20170730142,15
20170730143,32
20170730144,14
20170730151,56
20170730152,16
20170730153,30
20170730154,14
20170730161,55
20170730162,17
20170730163,31
20170730164,14
20170730171,56
20170730172,18
20170730173,31
20170730174,14
20170730181,62
20170730182,19
20170730183,33
20170730184,14
20170730191,67
20170730192,20
20170730193,35
20170730194,16
20170730201,67
20170730202,20
20170730203,39
20170730204,16
20170730211,65
20170730212,20
20170730213,36
20170730214,16
20170730221,65
20170730222,20
20170730223,33
20170730224,17
20170730231,64
20170730232,19
20170730233,32
20170730234,14
20170731001,59
20170731002,20
20170731003,37
20170731004,9
20170731011,51
20170731012,18
20170731013,21
20170731014,7
20170731021,43
20170731022,16
20170731023,16
20170731024,6
20170731031,37
20170731032,15
20170731033,12
20170731034,5
20170731041,33
20170731042,13
20170731043,9
20170731044,5
20170731051,32
20170731052,13
20170731053,9
20170731054,4
20170731061,38
20170731062,14
20170731063,9
20170731064,5
20170731071,44
20170731072,15
20170731073,13
20170731074,5
20170731081,52
20170731082,17
20170731083,16
20170731084,6
20170731091,66
20170731092,20
20170731093,21
20170731094,9
20170731101,92
20170731102,22
20170731103,29
20170731104,12
20170731111,112
20170731112,26
20170731113,33
20170731114,14
20170731121,113
20170731122,30
20170731123,32
20170731124,16
20170731131,102
20170731132,30
20170731133,29
20170731134,15
20170731141,112
20170731142,32
20170731143,34
20170731144,15
20170731151,111
20170731152,33
20170731153,31
20170731154,15
20170731161,108
20170731162,34
20170731163,29
20170731164,15
20170731171,109
20170731172,34
20170731173,30
20170731174,15
20170731181,113
20170731182,36
20170731183,30
20170731184,14
20170731191,116
20170731192,38
20170731193,29
20170731194,13
20170731201,108
20170731202,38
20170731203,31
20170731204,14
20170731211,97
20170731212,35
20170731213,28
20170731214,13
20170731221,85
20170731222,34
20170731223,28
20170731224,14
20170731231,85
20170731232,33
20170731233,27
20170731234,13
20170801001,80
20170801002,33
20170801003,25
20170801004,10
20170801011,68
20170801012,29
20170801013,18
20170801014,8
20170801021,57
20170801022,25
20170801023,14
20170801024,6
20170801031,48
20170801032,20
20170801033,10
20170801034,5
20170801041,41
20170801042,17
20170801043,9
20170801044,5
20170801051,40
20170801052,16
20170801053,8
20170801054,4
20170801061,44
20170801062,16
20170801063,9
20170801064,4
20170801071,51
20170801072,18
20170801073,12
20170801074,5
20170801081,59
20170801082,20
20170801083,14
20170801084,7
20170801091,73
20170801092,21
20170801093,17
20170801094,9
20170801101,95
20170801102,24
20170801103,25
20170801104,13
20170801111,108
20170801112,28
20170801113,28
20170801114,14
20170801121,111
20170801122,32
20170801123,29
20170801124,16
20170801131,104
20170801132,32
20170801133,27
20170801134,15
20170801141,112
20170801142,37
20170801143,33
20170801144,15
20170801151,111
20170801152,37
20170801153,31
20170801154,16
20170801161,108
20170801162,36
20170801163,28
20170801164,16
20170801171,109
20170801172,36
20170801173,28
20170801174,16
20170801181,114
20170801182,38
20170801183,30
20170801184,16
20170801191,119
20170801192,39
20170801193,28
20170801194,16
20170801201,109
20170801202,38
20170801203,27
20170801204,17
20170801211,100
20170801212,36
20170801213,26
20170801214,16
20170801221,93
20170801222,34
20170801223,26
20170801224,16
20170801231,87
20170801232,33
20170801233,25
20170801234,13
20170802001,81
20170802002,33
20170802003,21
20170802004,9
20170802011,69
20170802012,29
20170802013,15
20170802014,7
20170802021,59
20170802022,24
20170802023,13
20170802024,6
20170802031,49
20170802032,21
20170802033,9
20170802034,5
20170802041,42
20170802042,17
20170802043,8
20170802044,4
20170802051,42
20170802052,16
20170802053,8
20170802054,4
20170802061,46
20170802062,17
20170802063,8
20170802064,4
20170802071,53
20170802072,19
20170802073,10
20170802074,5
20170802081,61
20170802082,20
20170802083,13
20170802084,7
20170802091,74
20170802092,22
20170802093,17
20170802094,9
20170802101,99
20170802102,25
20170802103,24
20170802104,12
20170802111,114
20170802112,29
20170802113,29
20170802114,14
20170802121,112
20170802122,33
20170802123,29
20170802124,15
20170802131,102
20170802132,31
20170802133,28
20170802134,14
20170802141,111
20170802142,36
20170802143,33
20170802144,15
20170802151,110
20170802152,36
20170802153,30
20170802154,14
20170802161,107
20170802162,35
20170802163,28
20170802164,14
20170802171,109
20170802172,35
20170802173,27
20170802174,15
20170802181,114
20170802182,38
20170802183,28
20170802184,15
20170802191,116
20170802192,40
20170802193,27
20170802194,16
20170802201,109
20170802202,39
20170802203,27
20170802204,17
20170802211,102
20170802212,35
20170802213,26
20170802214,16
20170802221,95
20170802222,34
20170802223,25
20170802224,16
20170802231,91
20170802232,33
20170802233,23
20170802234,14
20170803001,82
20170803002,32
20170803003,20
20170803004,10
20170803011,71
20170803012,28
20170803013,15
20170803014,9
20170803021,59
20170803022,23
20170803023,12
20170803024,7
20170803031,50
20170803032,20
20170803033,9
20170803034,6
20170803041,43
20170803042,17
20170803043,8
20170803044,5
20170803051,41
20170803052,16
20170803053,7
20170803054,5
20170803061,46
20170803062,17
20170803063,8
20170803064,5
20170803071,53
20170803072,19
20170803073,10
20170803074,5
20170803081,61
20170803082,20
20170803083,13
20170803084,7
20170803091,77
20170803092,21
20170803093,17
20170803094,10
20170803101,101
20170803102,24
20170803103,23
20170803104,13
20170803111,113
20170803112,29
20170803113,27
20170803114,14
20170803121,113
20170803122,33
20170803123,28
20170803124,15
20170803131,104
20170803132,31
20170803133,27
20170803134,14
20170803141,113
20170803142,36
20170803143,32
20170803144,14
20170803151,110
20170803152,35
20170803153,30
20170803154,14
20170803161,107
20170803162,34
20170803163,29
20170803164,15
20170803171,109
20170803172,34
20170803173,28
20170803174,16
20170803181,113
20170803182,37
20170803183,30
20170803184,15
20170803191,115
20170803192,38
20170803193,28
20170803194,15
20170803201,109
20170803202,38
20170803203,26
20170803204,15
20170803211,101
20170803212,34
20170803213,25
20170803214,15
20170803221,94
20170803222,32
20170803223,24
20170803224,15
20170803231,90
20170803232,32
20170803233,23
20170803234,14
20170804001,81
20170804002,30
20170804003,20
20170804004,10
20170804011,68
20170804012,26
20170804013,14
20170804014,7
20170804021,57
20170804022,24
20170804023,12
20170804024,6
20170804031,48
20170804032,20
20170804033,9
20170804034,5
20170804041,41
20170804042,16
20170804043,8
20170804044,5
20170804051,39
20170804052,16
20170804053,8
20170804054,5
20170804061,44
20170804062,16
20170804063,8
20170804064,4
20170804071,51
20170804072,18
20170804073,10
20170804074,5
20170804081,60
20170804082,19
20170804083,13
20170804084,7
20170804091,71
20170804092,21
20170804093,17
20170804094,9
20170804101,90
20170804102,24
20170804103,23
20170804104,13
20170804111,105
20170804112,27
20170804113,28
20170804114,14
20170804121,105
20170804122,31
20170804123,29
20170804124,15
20170804131,94
20170804132,29
20170804133,28
20170804134,14
20170804141,102
20170804142,31
20170804143,30
20170804144,16
20170804151,101
20170804152,32
20170804153,28
20170804154,16
20170804161,95
20170804162,31
20170804163,27
20170804164,15
20170804171,95
20170804172,32
20170804173,26
20170804174,15
20170804181,101
20170804182,34
20170804183,27
20170804184,15
20170804191,102
20170804192,33
20170804193,25
20170804194,15
20170804201,95
20170804202,33
20170804203,25
20170804204,16
20170804211,89
20170804212,30
20170804213,23
20170804214,14
20170804221,85
20170804222,28
20170804223,23
20170804224,15
20170804231,81
20170804232,27
20170804233,22
20170804234,13
20170805001,71
20170805002,28
20170805003,21
20170805004,9
20170805011,59
20170805012,24
20170805013,16
20170805014,7
20170805021,49
20170805022,21
20170805023,12
20170805024,6
20170805031,40
20170805032,17
20170805033,9
20170805034,5
20170805041,35
20170805042,13
20170805043,8
20170805044,4
20170805051,31
20170805052,12
20170805053,7
20170805054,4
20170805061,34
20170805062,11
20170805063,8
20170805064,4
20170805071,37
20170805072,12
20170805073,10
20170805074,5
20170805081,43
20170805082,13
20170805083,12
20170805084,6
20170805091,48
20170805092,15
20170805093,15
20170805094,9
20170805101,58
20170805102,17
20170805103,21
20170805104,11
20170805111,65
20170805112,18
20170805113,26
20170805114,12
20170805121,65
20170805122,17
20170805123,28
20170805124,15
20170805131,58
20170805132,17
20170805133,28
20170805134,12
20170805141,59
20170805142,16
20170805143,31
20170805144,14
20170805151,58
20170805152,16
20170805153,33
20170805154,14
20170805161,57
20170805162,17
20170805163,42
20170805164,15
20170805171,57
20170805172,17
20170805173,44
20170805174,16
20170805181,61
20170805182,19
20170805183,48
20170805184,14
20170805191,65
20170805192,20
20170805193,48
20170805194,16
20170805201,67
20170805202,20
20170805203,57
20170805204,16
20170805211,65
20170805212,19
20170805213,47
20170805214,16
20170805221,62
20170805222,19
20170805223,36
20170805224,16
20170805231,60
20170805232,19
20170805233,34
20170805234,15
20170806001,56
20170806002,19
20170806003,34
20170806004,9
20170806011,46
20170806012,17
20170806013,21
20170806014,7
20170806021,39
20170806022,16
20170806023,16
20170806024,6
20170806031,34
20170806032,14
20170806033,12
20170806034,6
20170806041,29
20170806042,12
20170806043,10
20170806044,5
20170806051,28
20170806052,11
20170806053,9
20170806054,4
20170806061,30
20170806062,10
20170806063,9
20170806064,5
20170806071,33
20170806072,11
20170806073,11
20170806074,5
20170806081,38
20170806082,12
20170806083,13
20170806084,7
20170806091,44
20170806092,13
20170806093,17
20170806094,9
20170806101,52
20170806102,14
20170806103,23
20170806104,11
20170806111,59
20170806112,16
20170806113,26
20170806114,13
20170806121,63
20170806122,16
20170806123,27
20170806124,16
20170806131,57
20170806132,15
20170806133,28
20170806134,14
20170806141,57
20170806142,16
20170806143,31
20170806144,14
20170806151,56
20170806152,16
20170806153,30
20170806154,15
20170806161,54
20170806162,17
20170806163,31
20170806164,15
20170806171,55
20170806172,18
20170806173,34
20170806174,15
20170806181,62
20170806182,19
20170806183,45
20170806184,15
20170806191,66
20170806192,20
20170806193,50
20170806194,16
20170806201,67
20170806202,20
20170806203,48
20170806204,16
20170806211,65
20170806212,20
20170806213,43
20170806214,14
20170806221,65
20170806222,20
20170806223,37
20170806224,15
20170806231,63
20170806232,21
20170806233,34
20170806234,14
20170807001,58
20170807002,21
20170807003,35
20170807004,9
20170807011,50
20170807012,19
20170807013,24
20170807014,7
20170807021,42
20170807022,17
20170807023,15
20170807024,6
20170807031,36
20170807032,16
20170807033,11
20170807034,5
20170807041,32
20170807042,15
20170807043,9
20170807044,5
20170807051,32
20170807052,14
20170807053,8
20170807054,4
20170807061,38
20170807062,14
20170807063,9
20170807064,4
20170807071,44
20170807072,16
20170807073,12
20170807074,5
20170807081,52
20170807082,18
20170807083,14
20170807084,6
20170807091,64
20170807092,21
20170807093,19
20170807094,9
20170807101,88
20170807102,23
20170807103,27
20170807104,12
20170807111,111
20170807112,27
20170807113,30
20170807114,13
20170807121,112
20170807122,30
20170807123,30
20170807124,16
20170807131,101
20170807132,30
20170807133,30
20170807134,14
20170807141,111
20170807142,33
20170807143,35
20170807144,14
20170807151,110
20170807152,35
20170807153,34
20170807154,14
20170807161,107
20170807162,34
20170807163,34
20170807164,15
20170807171,110
20170807172,35
20170807173,32
20170807174,15
20170807181,113
20170807182,36
20170807183,36
20170807184,14
20170807191,116
20170807192,38
20170807193,31
20170807194,15
20170807201,109
20170807202,38
20170807203,29
20170807204,15
20170807211,100
20170807212,36
20170807213,26
20170807214,15
20170807221,92
20170807222,35
20170807223,26
20170807224,16
20170807231,88
20170807232,34
20170807233,27
20170807234,14
20170808001,79
20170808002,33
20170808003,23
20170808004,9
20170808011,68
20170808012,30
20170808013,18
20170808014,8
20170808021,57
20170808022,25
20170808023,15
20170808024,6
20170808031,48
20170808032,21
20170808033,13
20170808034,5
20170808041,41
20170808042,17
20170808043,10
20170808044,5
20170808051,39
20170808052,16
20170808053,10
20170808054,5
20170808061,45
20170808062,16
20170808063,11
20170808064,5
20170808071,52
20170808072,19
20170808073,14
20170808074,5
20170808081,60
20170808082,20
20170808083,17
20170808084,6
20170808091,75
20170808092,22
20170808093,23
20170808094,9
20170808101,96
20170808102,24
20170808103,30
20170808104,12
20170808111,111
20170808112,28
20170808113,33
20170808114,14
20170808121,114
20170808122,33
20170808123,33
20170808124,16
20170808131,103
20170808132,33
20170808133,33
20170808134,14
20170808141,112
20170808142,38
20170808143,37
20170808144,14
20170808151,111
20170808152,37
20170808153,34
20170808154,14
20170808161,108
20170808162,36
20170808163,32
20170808164,15
20170808171,111
20170808172,37
20170808173,31
20170808174,16
20170808181,114
20170808182,39
20170808183,35
20170808184,15
20170808191,116
20170808192,41
20170808193,31
20170808194,15
20170808201,110
20170808202,40
20170808203,29
20170808204,16
20170808211,101
20170808212,36
20170808213,26
20170808214,14
20170808221,93
20170808222,35
20170808223,27
20170808224,15
20170808231,88
20170808232,34
20170808233,25
20170808234,13
20170809001,81
20170809002,33
20170809003,23
20170809004,10
20170809011,69
20170809012,30
20170809013,16
20170809014,8
20170809021,57
20170809022,24
20170809023,14
20170809024,6
20170809031,50
20170809032,21
20170809033,12
20170809034,6
20170809041,43
20170809042,17
20170809043,10
20170809044,5
20170809051,41
20170809052,16
20170809053,9
20170809054,4
20170809061,46
20170809062,17
20170809063,10
20170809064,5
20170809071,53
20170809072,19
20170809073,13
20170809074,5
20170809081,61
20170809082,20
20170809083,15
20170809084,6
20170809091,74
20170809092,22
20170809093,20
20170809094,9
20170809101,99
20170809102,25
20170809103,27
20170809104,12
20170809111,113
20170809112,30
20170809113,30
20170809114,14
20170809121,112
20170809122,34
20170809123,28
20170809124,15
20170809131,102
20170809132,32
20170809133,25
20170809134,13
20170809141,111
20170809142,38
20170809143,32
20170809144,15
20170809151,110
20170809152,37
20170809153,28
20170809154,15
20170809161,107
20170809162,36
20170809163,25
20170809164,15
20170809171,110
20170809172,37
20170809173,25
20170809174,15
20170809181,113
20170809182,38
20170809183,28
20170809184,14
20170809191,117
20170809192,40
20170809193,26
20170809194,15
20170809201,108
20170809202,40
20170809203,25
20170809204,16
20170809211,102
20170809212,36
20170809213,24
20170809214,16
20170809221,95
20170809222,34
20170809223,25
20170809224,16
20170809231,90
20170809232,33
20170809233,25
20170809234,14
20170810001,83
20170810002,33
20170810003,23
20170810004,10
20170810011,70
20170810012,29
20170810013,16
20170810014,9
20170810021,59
20170810022,24
20170810023,14
20170810024,7
20170810031,50
20170810032,20
20170810033,11
20170810034,6
20170810041,43
20170810042,17
20170810043,9
20170810044,5
20170810051,41
20170810052,16
20170810053,8
20170810054,5
20170810061,46
20170810062,17
20170810063,10
20170810064,5
20170810071,53
20170810072,19
20170810073,12
20170810074,6
20170810081,60
20170810082,20
20170810083,15
20170810084,7
20170810091,76
20170810092,22
20170810093,20
20170810094,10
20170810101,101
20170810102,25
20170810103,27
20170810104,13
20170810111,114
20170810112,30
20170810113,28
20170810114,14
20170810121,113
20170810122,34
20170810123,28
20170810124,15
20170810131,102
20170810132,31
20170810133,25
20170810134,14
20170810141,111
20170810142,37
20170810143,30
20170810144,15
20170810151,111
20170810152,36
20170810153,27
20170810154,15
20170810161,107
20170810162,35
20170810163,25
20170810164,15
20170810171,110
20170810172,36
20170810173,25
20170810174,15
20170810181,114
20170810182,38
20170810183,27
20170810184,15
20170810191,115
20170810192,39
20170810193,25
20170810194,15
20170810201,109
20170810202,38
20170810203,24
20170810204,16
20170810211,101
20170810212,34
20170810213,25
20170810214,15
20170810221,95
20170810222,32
20170810223,25
20170810224,15
20170810231,91
20170810232,32
20170810233,24
20170810234,13
20170811001,82
20170811002,31
20170811003,21
20170811004,9
20170811011,70
20170811012,27
20170811013,15
20170811014,7
20170811021,58
20170811022,23
20170811023,13
20170811024,6
20170811031,50
20170811032,20
20170811033,11
20170811034,5
20170811041,42
20170811042,16
20170811043,9
20170811044,5
20170811051,39
20170811052,16
20170811053,9
20170811054,4
20170811061,45
20170811062,16
20170811063,10
20170811064,4
20170811071,51
20170811072,18
20170811073,12
20170811074,5
20170811081,60
20170811082,19
20170811083,15
20170811084,6
20170811091,72
20170811092,21
20170811093,20
20170811094,9
20170811101,91
20170811102,25
20170811103,28
20170811104,12
20170811111,104
20170811112,28
20170811113,28
20170811114,13
20170811121,104
20170811122,31
20170811123,27
20170811124,14
20170811131,94
20170811132,29
20170811133,25
20170811134,12
20170811141,101
20170811142,33
20170811143,29
20170811144,14
20170811151,101
20170811152,32
20170811153,27
20170811154,13
20170811161,95
20170811162,32
20170811163,23
20170811164,14
20170811171,96
20170811172,32
20170811173,23
20170811174,15
20170811181,103
20170811182,33
20170811183,25
20170811184,15
20170811191,102
20170811192,34
20170811193,24
20170811194,15
20170811201,97
20170811202,33
20170811203,23
20170811204,16
20170811211,90
20170811212,30
20170811213,22
20170811214,15
20170811221,86
20170811222,28
20170811223,23
20170811224,16
20170811231,81
20170811232,27
20170811233,21
20170811234,13
20170812001,71
20170812002,29
20170812003,19
20170812004,10
20170812011,59
20170812012,24
20170812013,14
20170812014,8
20170812021,50
20170812022,21
20170812023,11
20170812024,6
20170812031,42
20170812032,17
20170812033,9
20170812034,5
20170812041,36
20170812042,13
20170812043,8
20170812044,5
20170812051,32
20170812052,12
20170812053,7
20170812054,5
20170812061,34
20170812062,12
20170812063,8
20170812064,5
20170812071,38
20170812072,12
20170812073,10
20170812074,5
20170812081,43
20170812082,14
20170812083,12
20170812084,6
20170812091,48
20170812092,15
20170812093,15
20170812094,8
20170812101,58
20170812102,17
20170812103,20
20170812104,10
20170812111,65
20170812112,18
20170812113,23
20170812114,13
20170812121,65
20170812122,17
20170812123,24
20170812124,15
20170812131,59
20170812132,17
20170812133,22
20170812134,14
20170812141,58
20170812142,17
20170812143,26
20170812144,15
20170812151,58
20170812152,17
20170812153,23
20170812154,15
20170812161,56
20170812162,18
20170812163,22
20170812164,15
20170812171,57
20170812172,18
20170812173,23
20170812174,15
20170812181,62
20170812182,19
20170812183,28
20170812184,15
20170812191,66
20170812192,21
20170812193,25
20170812194,15
20170812201,68
20170812202,20
20170812203,25
20170812204,15
20170812211,65
20170812212,19
20170812213,24
20170812214,14
20170812221,63
20170812222,19
20170812223,25
20170812224,15
20170812231,61
20170812232,19
20170812233,23
20170812234,13
20170813001,57
20170813002,19
20170813003,20
20170813004,10
20170813011,48
20170813012,17
20170813013,15
20170813014,7
20170813021,39
20170813022,16
20170813023,12
20170813024,6
20170813031,35
20170813032,14
20170813033,9
20170813034,5
20170813041,29
20170813042,12
20170813043,8
20170813044,5
20170813051,27
20170813052,11
20170813053,7
20170813054,5
20170813061,30
20170813062,11
20170813063,8
20170813064,5
20170813071,34
20170813072,12
20170813073,10
20170813074,5
20170813081,38
20170813082,12
20170813083,12
20170813084,6
20170813091,44
20170813092,13
20170813093,14
20170813094,8
20170813101,53
20170813102,14
20170813103,18
20170813104,11
20170813111,59
20170813112,16
20170813113,22
20170813114,13
20170813121,62
20170813122,16
20170813123,24
20170813124,16
20170813131,57
20170813132,15
20170813133,22
20170813134,14
20170813141,57
20170813142,16
20170813143,25
20170813144,15
20170813151,56
20170813152,16
20170813153,23
20170813154,15
20170813161,55
20170813162,17
20170813163,22
20170813164,15
20170813171,55
20170813172,18
20170813173,23
20170813174,15
20170813181,61
20170813182,19
20170813183,29
20170813184,15
20170813191,67
20170813192,19
20170813193,27
20170813194,15
20170813201,67
20170813202,19
20170813203,25
20170813204,16
20170813211,65
20170813212,19
20170813213,24
20170813214,15
20170813221,64
20170813222,20
20170813223,25
20170813224,15
20170813231,63
20170813232,20
20170813233,24
20170813234,13
20170814001,58
20170814002,20
20170814003,22
20170814004,9
20170814011,49
20170814012,18
20170814013,16
20170814014,7
20170814021,42
20170814022,17
20170814023,12
20170814024,6
20170814031,37
20170814032,16
20170814033,9
20170814034,5
20170814041,33
20170814042,15
20170814043,8
20170814044,5
20170814051,33
20170814052,13
20170814053,8
20170814054,4
20170814061,39
20170814062,14
20170814063,8
20170814064,5
20170814071,46
20170814072,16
20170814073,10
20170814074,5
20170814081,53
20170814082,19
20170814083,12
20170814084,6
20170814091,66
20170814092,22
20170814093,16
20170814094,9
20170814101,91
20170814102,23
20170814103,23
20170814104,12
20170814111,113
20170814112,28
20170814113,28
20170814114,13
20170814121,114
20170814122,31
20170814123,29
20170814124,15
20170814131,103
20170814132,32
20170814133,27
20170814134,14
20170814141,113
20170814142,35
20170814143,31
20170814144,14
20170814151,112
20170814152,35
20170814153,28
20170814154,15
20170814161,110
20170814162,35
20170814163,27
20170814164,15
20170814171,112
20170814172,36
20170814173,28
20170814174,15
20170814181,118
20170814182,38
20170814183,31
20170814184,14
20170814191,119
20170814192,39
20170814193,27
20170814194,15
20170814201,109
20170814202,39
20170814203,27
20170814204,15
20170814211,99
20170814212,36
20170814213,26
20170814214,14
20170814221,92
20170814222,36
20170814223,26
20170814224,15
20170814231,88
20170814232,35
20170814233,26
20170814234,13
20170815001,79
20170815002,34
20170815003,24
20170815004,9
20170815011,68
20170815012,30
20170815013,17
20170815014,8
20170815021,57
20170815022,25
20170815023,12
20170815024,6
20170815031,48
20170815032,21
20170815033,10
20170815034,5
20170815041,41
20170815042,17
20170815043,9
20170815044,5
20170815051,39
20170815052,16
20170815053,8
20170815054,4
20170815061,44
20170815062,16
20170815063,9
20170815064,4
20170815071,50
20170815072,19
20170815073,11
20170815074,5
20170815081,59
20170815082,20
20170815083,13
20170815084,6
20170815091,73
20170815092,22
20170815093,17
20170815094,9
20170815101,94
20170815102,24
20170815103,25
20170815104,12
20170815111,107
20170815112,29
20170815113,30
20170815114,15
20170815121,110
20170815122,34
20170815123,31
20170815124,16
20170815131,102
20170815132,34
20170815133,30
20170815134,14
20170815141,110
20170815142,38
20170815143,36
20170815144,14
20170815151,110
20170815152,38
20170815153,33
20170815154,14
20170815161,107
20170815162,37
20170815163,30
20170815164,15
20170815171,109
20170815172,38
20170815173,29
20170815174,15
20170815181,114
20170815182,40
20170815183,34
20170815184,15
20170815191,118
20170815192,42
20170815193,31
20170815194,15
20170815201,108
20170815202,41
20170815203,31
20170815204,16
20170815211,101
20170815212,37
20170815213,29
20170815214,15
20170815221,93
20170815222,36
20170815223,30
20170815224,15
20170815231,88
20170815232,35
20170815233,29
20170815234,13
20170816001,82
20170816002,33
20170816003,28
20170816004,10
20170816011,69
20170816012,30
20170816013,19
20170816014,8
20170816021,57
20170816022,25
20170816023,14
20170816024,6
20170816031,48
20170816032,21
20170816033,11
20170816034,6
20170816041,41
20170816042,17
20170816043,9
20170816044,5
20170816051,40
20170816052,16
20170816053,9
20170816054,5
20170816061,44
20170816062,17
20170816063,9
20170816064,5
20170816071,52
20170816072,19
20170816073,11
20170816074,5
20170816081,60
20170816082,20
20170816083,13
20170816084,6
20170816091,74
20170816092,22
20170816093,18
20170816094,9
20170816101,99
20170816102,26
20170816103,27
20170816104,12
20170816111,112
20170816112,31
20170816113,34
20170816114,14
20170816121,110
20170816122,35
20170816123,37
20170816124,15
20170816131,101
20170816132,32
20170816133,37
20170816134,14
20170816141,111
20170816142,38
20170816143,44
20170816144,15
20170816151,109
20170816152,38
20170816153,48
20170816154,14
20170816161,106
20170816162,37
20170816163,48
20170816164,14
20170816171,108
20170816172,38
20170816173,43
20170816174,14
20170816181,113
20170816182,40
20170816183,43
20170816184,13
20170816191,114
20170816192,41
20170816193,38
20170816194,14
20170816201,109
20170816202,41
20170816203,35
20170816204,15
20170816211,101
20170816212,37
20170816213,31
20170816214,15
20170816221,95
20170816222,34
20170816223,30
20170816224,15
20170816231,89
20170816232,34
20170816233,28
20170816234,14
20170817001,81
20170817002,33
20170817003,28
20170817004,10
20170817011,68
20170817012,30
20170817013,19
20170817014,9
20170817021,57
20170817022,24
20170817023,16
20170817024,6
20170817031,48
20170817032,21
20170817033,13
20170817034,6
20170817041,41
20170817042,17
20170817043,11
20170817044,5
20170817051,39
20170817052,16
20170817053,11
20170817054,5
20170817061,44
20170817062,17
20170817063,12
20170817064,5
20170817071,52
20170817072,19
20170817073,15
20170817074,6
20170817081,60
20170817082,20
20170817083,20
20170817084,7
20170817091,76
20170817092,22
20170817093,27
20170817094,9
20170817101,101
20170817102,26
20170817103,35
20170817104,13
20170817111,113
20170817112,31
20170817113,40
20170817114,14
20170817121,112
20170817122,34
20170817123,40
20170817124,15
20170817131,101
20170817132,31
20170817133,38
20170817134,14
20170817141,111
20170817142,37
20170817143,44
20170817144,14
20170817151,110
20170817152,37
20170817153,42
20170817154,14
20170817161,106
20170817162,36
20170817163,38
20170817164,16
20170817171,109
20170817172,37
20170817173,35
20170817174,16
20170817181,114
20170817182,39
20170817183,36
20170817184,15
20170817191,117
20170817192,41
20170817193,34
20170817194,15
20170817201,108
20170817202,40
20170817203,33
20170817204,16
20170817211,101
20170817212,35
20170817213,31
20170817214,15
20170817221,93
20170817222,33
20170817223,30
20170817224,15
20170817231,89
20170817232,32
20170817233,28
20170817234,14
20170818001,81
20170818002,31
20170818003,27
20170818004,9
20170818011,67
20170818012,28
20170818013,18
20170818014,7
20170818021,56
20170818022,24
20170818023,15
20170818024,5
20170818031,48
20170818032,20
20170818033,12
20170818034,5
20170818041,40
20170818042,17
20170818043,10
20170818044,5
20170818051,38
20170818052,16
20170818053,9
20170818054,5
20170818061,43
20170818062,16
20170818063,11
20170818064,5
20170818071,49
20170818072,18
20170818073,14
20170818074,5
20170818081,59
20170818082,19
20170818083,18
20170818084,6
20170818091,71
20170818092,22
20170818093,26
20170818094,9
20170818101,89
20170818102,25
20170818103,34
20170818104,12
20170818111,103
20170818112,29
20170818113,39
20170818114,13
20170818121,104
20170818122,32
20170818123,42
20170818124,14
20170818131,93
20170818132,30
20170818133,39
20170818134,12
20170818141,100
20170818142,33
20170818143,42
20170818144,14
20170818151,99
20170818152,34
20170818153,37
20170818154,15
20170818161,93
20170818162,33
20170818163,34
20170818164,15
20170818171,94
20170818172,33
20170818173,33
20170818174,15
20170818181,101
20170818182,34
20170818183,33
20170818184,15
20170818191,102
20170818192,35
20170818193,31
20170818194,15
20170818201,95
20170818202,35
20170818203,29
20170818204,16
20170818211,88
20170818212,31
20170818213,27
20170818214,15
20170818221,84
20170818222,29
20170818223,27
20170818224,15
20170818231,80
20170818232,28
20170818233,26
20170818234,13
20170819001,70
20170819002,29
20170819003,24
20170819004,10
20170819011,58
20170819012,24
20170819013,16
20170819014,7
20170819021,49
20170819022,21
20170819023,13
20170819024,6
20170819031,41
20170819032,17
20170819033,11
20170819034,5
20170819041,35
20170819042,14
20170819043,9
20170819044,5
20170819051,31
20170819052,13
20170819053,8
20170819054,5
20170819061,33
20170819062,12
20170819063,9
20170819064,5
20170819071,37
20170819072,13
20170819073,12
20170819074,5
20170819081,43
20170819082,14
20170819083,15
20170819084,6
20170819091,48
20170819092,16
20170819093,19
20170819094,8
20170819101,58
20170819102,17
20170819103,27
20170819104,10
20170819111,64
20170819112,19
20170819113,29
20170819114,12
20170819121,65
20170819122,18
20170819123,28
20170819124,13
20170819131,58
20170819132,17
20170819133,27
20170819134,13
20170819141,58
20170819142,17
20170819143,32
20170819144,14
20170819151,57
20170819152,17
20170819153,29
20170819154,13
20170819161,57
20170819162,18
20170819163,29
20170819164,14
20170819171,57
20170819172,18
20170819173,31
20170819174,14
20170819181,63
20170819182,19
20170819183,32
20170819184,14
20170819191,67
20170819192,20
20170819193,47
20170819194,14
20170819201,68
20170819202,21
20170819203,51
20170819204,15
20170819211,65
20170819212,19
20170819213,43
20170819214,15
20170819221,63
20170819222,20
20170819223,37
20170819224,14
20170819231,60
20170819232,19
20170819233,30
20170819234,13
20170820001,56
20170820002,19
20170820003,28
20170820004,9
20170820011,48
20170820012,18
20170820013,16
20170820014,7
20170820021,40
20170820022,16
20170820023,13
20170820024,6
20170820031,34
20170820032,15
20170820033,10
20170820034,5
20170820041,30
20170820042,12
20170820043,9
20170820044,5
20170820051,27
20170820052,11
20170820053,8
20170820054,5
20170820061,29
20170820062,11
20170820063,8
20170820064,5
20170820071,33
20170820072,11
20170820073,10
20170820074,5
20170820081,38
20170820082,12
20170820083,13
20170820084,6
20170820091,44
20170820092,14
20170820093,16
20170820094,8
20170820101,52
20170820102,15
20170820103,21
20170820104,10
20170820111,59
20170820112,17
20170820113,25
20170820114,11
20170820121,63
20170820122,16
20170820123,26
20170820124,16
20170820131,57
20170820132,15
20170820133,25
20170820134,14
20170820141,57
20170820142,16
20170820143,29
20170820144,14
20170820151,56
20170820152,17
20170820153,26
20170820154,14
20170820161,54
20170820162,18
20170820163,26
20170820164,14
20170820171,55
20170820172,19
20170820173,25
20170820174,14
20170820181,61
20170820182,19
20170820183,25
20170820184,14
20170820191,67
20170820192,20
20170820193,31
20170820194,14
20170820201,67
20170820202,20
20170820203,38
20170820204,15
20170820211,65
20170820212,20
20170820213,38
20170820214,15
20170820221,64
20170820222,22
20170820223,30
20170820224,16
20170820231,63
20170820232,21
20170820233,30
20170820234,13
20170821001,59
20170821002,21
20170821003,32
20170821004,9
20170821011,51
20170821012,19
20170821013,17
20170821014,7
20170821021,43
20170821022,17
20170821023,11
20170821024,6
20170821031,37
20170821032,16
20170821033,8
20170821034,5
20170821041,33
20170821042,15
20170821043,7
20170821044,5
20170821051,32
20170821052,13
20170821053,7
20170821054,5
20170821061,39
20170821062,14
20170821063,7
20170821064,5
20170821071,46
20170821072,16
20170821073,10
20170821074,5
20170821081,53
20170821082,19
20170821083,13
20170821084,6
20170821091,66
20170821092,22
20170821093,16
20170821094,9
20170821101,91
20170821102,23
20170821103,24
20170821104,12
20170821111,112
20170821112,29
20170821113,28
20170821114,13
20170821121,114
20170821122,33
20170821123,27
20170821124,16
20170821131,103
20170821132,32
20170821133,25
20170821134,14
20170821141,111
20170821142,36
20170821143,30
20170821144,15
20170821151,110
20170821152,36
20170821153,27
20170821154,15
20170821161,107
20170821162,35
20170821163,25
20170821164,15
20170821171,110
20170821172,35
20170821173,24
20170821174,15
20170821181,113
20170821182,37
20170821183,25
20170821184,14
20170821191,117
20170821192,39
20170821193,24
20170821194,15
20170821201,109
20170821202,40
20170821203,30
20170821204,15
20170821211,99
20170821212,37
20170821213,28
20170821214,14
20170821221,92
20170821222,36
20170821223,26
20170821224,14
20170821231,89
20170821232,35
20170821233,23
20170821234,13
20170822001,80
20170822002,34
20170822003,22
20170822004,10
20170822011,68
20170822012,30
20170822013,15
20170822014,7
20170822021,57
20170822022,25
20170822023,11
20170822024,6
20170822031,48
20170822032,21
20170822033,8
20170822034,5
20170822041,41
20170822042,17
20170822043,7
20170822044,5
20170822051,39
20170822052,16
20170822053,7
20170822054,5
20170822061,44
20170822062,16
20170822063,7
20170822064,5
20170822071,51
20170822072,19
20170822073,9
20170822074,5
20170822081,59
20170822082,20
20170822083,12
20170822084,6
20170822091,74
20170822092,22
20170822093,16
20170822094,8
20170822101,96
20170822102,25
20170822103,21
20170822104,12
20170822111,111
20170822112,32
20170822113,25
20170822114,14
20170822121,113
20170822122,37
20170822123,25
20170822124,15
20170822131,103
20170822132,34
20170822133,24
20170822134,14
20170822141,113
20170822142,38
20170822143,30
20170822144,16
20170822151,112
20170822152,38
20170822153,25
20170822154,15
20170822161,109
20170822162,37
20170822163,24
20170822164,15
20170822171,110
20170822172,37
20170822173,23
20170822174,15
20170822181,114
20170822182,39
20170822183,24
20170822184,15
20170822191,118
20170822192,42
20170822193,23
20170822194,15
20170822201,109
20170822202,41
20170822203,24
20170822204,16
20170822211,102
20170822212,37
20170822213,23
20170822214,15
20170822221,94
20170822222,35
20170822223,23
20170822224,16
20170822231,88
20170822232,34
20170822233,21
20170822234,13
20170823001,82
20170823002,34
20170823003,20
20170823004,10
20170823011,69
20170823012,30
20170823013,12
20170823014,8
20170823021,57
20170823022,24
20170823023,10
20170823024,6
20170823031,49
20170823032,21
20170823033,8
20170823034,5
20170823041,41
20170823042,17
20170823043,7
20170823044,5
20170823051,39
20170823052,16
20170823053,7
20170823054,4
20170823061,44
20170823062,16
20170823063,7
20170823064,4
20170823071,51
20170823072,19
20170823073,9
20170823074,5
20170823081,60
20170823082,20
20170823083,11
20170823084,6
20170823091,75
20170823092,22
20170823093,14
20170823094,9
20170823101,99
20170823102,25
20170823103,20
20170823104,12
20170823111,113
20170823112,32
20170823113,23
20170823114,14
20170823121,112
20170823122,36
20170823123,24
20170823124,14
20170823131,101
20170823132,32
20170823133,23
20170823134,13
20170823141,112
20170823142,37
20170823143,28
20170823144,14
20170823151,110
20170823152,37
20170823153,26
20170823154,14
20170823161,107
20170823162,36
20170823163,23
20170823164,14
20170823171,110
20170823172,37
20170823173,23
20170823174,14
20170823181,114
20170823182,39
20170823183,23
20170823184,14
20170823191,117
20170823192,42
20170823193,22
20170823194,14
20170823201,108
20170823202,41
20170823203,22
20170823204,15
20170823211,102
20170823212,36
20170823213,21
20170823214,15
20170823221,95
20170823222,35
20170823223,21
20170823224,15
20170823231,90
20170823232,34
20170823233,20
20170823234,14
20170824001,82
20170824002,33
20170824003,20
20170824004,10
20170824011,70
20170824012,30
20170824013,13
20170824014,9
20170824021,59
20170824022,24
20170824023,10
20170824024,6
20170824031,50
20170824032,21
20170824033,8
20170824034,6
20170824041,42
20170824042,17
20170824043,7
20170824044,5
20170824051,39
20170824052,16
20170824053,7
20170824054,5
20170824061,45
20170824062,17
20170824063,7
20170824064,5
20170824071,52
20170824072,19
20170824073,8
20170824074,6
20170824081,61
20170824082,20
20170824083,10
20170824084,7
20170824091,77
20170824092,22
20170824093,13
20170824094,9
20170824101,102
20170824102,26
20170824103,18
20170824104,13
20170824111,114
20170824112,32
20170824113,22
20170824114,14
20170824121,114
20170824122,35
20170824123,23
20170824124,15
20170824131,104
20170824132,31
20170824133,22
20170824134,14
20170824141,114
20170824142,37
20170824143,26
20170824144,16
20170824151,112
20170824152,36
20170824153,23
20170824154,16
20170824161,107
20170824162,34
20170824163,22
20170824164,16
20170824171,110
20170824172,35
20170824173,22
20170824174,16
20170824181,115
20170824182,38
20170824183,24
20170824184,16
20170824191,117
20170824192,41
20170824193,23
20170824194,16
20170824201,108
20170824202,40
20170824203,22
20170824204,16
20170824211,102
20170824212,35
20170824213,21
20170824214,14
20170824221,96
20170824222,32
20170824223,21
20170824224,14
20170824231,91
20170824232,32
20170824233,20
20170824234,13
20170825001,82
20170825002,31
20170825003,19
20170825004,9
20170825011,68
20170825012,27
20170825013,14
20170825014,7
20170825021,57
20170825022,24
20170825023,10
20170825024,6
20170825031,48
20170825032,20
20170825033,8
20170825034,5
20170825041,41
20170825042,17
20170825043,7
20170825044,5
20170825051,39
20170825052,16
20170825053,7
20170825054,5
20170825061,45
20170825062,16
20170825063,7
20170825064,5
20170825071,52
20170825072,18
20170825073,9
20170825074,5
20170825081,61
20170825082,19
20170825083,10
20170825084,6
20170825091,73
20170825092,21
20170825093,13
20170825094,8
20170825101,92
20170825102,25
20170825103,18
20170825104,11
20170825111,105
20170825112,29
20170825113,22
20170825114,12
20170825121,105
20170825122,32
20170825123,22
20170825124,13
20170825131,94
20170825132,29
20170825133,23
20170825134,13
20170825141,102
20170825142,32
20170825143,28
20170825144,13
20170825151,101
20170825152,32
20170825153,25
20170825154,13
20170825161,96
20170825162,31
20170825163,25
20170825164,14
20170825171,96
20170825172,31
20170825173,27
20170825174,14
20170825181,100
20170825182,33
20170825183,29
20170825184,13
20170825191,103
20170825192,34
20170825193,29
20170825194,14
20170825201,97
20170825202,34
20170825203,28
20170825204,15
20170825211,91
20170825212,31
20170825213,27
20170825214,15
20170825221,86
20170825222,28
20170825223,26
20170825224,16
20170825231,82
20170825232,27
20170825233,26
20170825234,14
20170826001,72
20170826002,28
20170826003,24
20170826004,10
20170826011,59
20170826012,24
20170826013,15
20170826014,7
20170826021,50
20170826022,20
20170826023,12
20170826024,6
20170826031,42
20170826032,17
20170826033,9
20170826034,5
20170826041,36
20170826042,13
20170826043,7
20170826044,5
20170826051,32
20170826052,12
20170826053,7
20170826054,5
20170826061,34
20170826062,12
20170826063,8
20170826064,5
20170826071,38
20170826072,12
20170826073,9
20170826074,5
20170826081,44
20170826082,13
20170826083,11
20170826084,6
20170826091,50
20170826092,14
20170826093,15
20170826094,8
20170826101,61
20170826102,16
20170826103,21
20170826104,10
20170826111,67
20170826112,17
20170826113,28
20170826114,12
20170826121,68
20170826122,16
20170826123,30
20170826124,15
20170826131,60
20170826132,16
20170826133,34
20170826134,14
20170826141,61
20170826142,16
20170826143,39
20170826144,15
20170826151,61
20170826152,16
20170826153,35
20170826154,16
20170826161,59
20170826162,18
20170826163,38
20170826164,15
20170826171,59
20170826172,17
20170826173,38
20170826174,15
20170826181,64
20170826182,19
20170826183,40
20170826184,15
20170826191,68
20170826192,20
20170826193,40
20170826194,15
20170826201,69
20170826202,20
20170826203,41
20170826204,16
20170826211,66
20170826212,19
20170826213,40
20170826214,15
20170826221,63
20170826222,19
20170826223,35
20170826224,14
20170826231,62
20170826232,19
20170826233,32
20170826234,13
20170827001,57
20170827002,19
20170827003,25
20170827004,9
20170827011,48
20170827012,17
20170827013,18
20170827014,7
20170827021,41
20170827022,16
20170827023,13
20170827024,6
20170827031,35
20170827032,14
20170827033,10
20170827034,5
20170827041,30
20170827042,12
20170827043,9
20170827044,5
20170827051,28
20170827052,11
20170827053,9
20170827054,5
20170827061,30
20170827062,11
20170827063,10
20170827064,5
20170827071,34
20170827072,11
20170827073,11
20170827074,5
20170827081,38
20170827082,12
20170827083,13
20170827084,6
20170827091,45
20170827092,12
20170827093,17
20170827094,8
20170827101,54
20170827102,14
20170827103,22
20170827104,10
20170827111,63
20170827112,15
20170827113,27
20170827114,11
20170827121,67
20170827122,15
20170827123,29
20170827124,14
20170827131,60
20170827132,14
20170827133,28
20170827134,13
20170827141,60
20170827142,16
20170827143,31
20170827144,14
20170827151,60
20170827152,16
20170827153,28
20170827154,14
20170827161,58
20170827162,17
20170827163,28
20170827164,14
20170827171,57
20170827172,17
20170827173,28
20170827174,14
20170827181,62
20170827182,18
20170827183,31
20170827184,14
20170827191,67
20170827192,20
20170827193,32
20170827194,14
20170827201,67
20170827202,20
20170827203,32
20170827204,15
20170827211,65
20170827212,20
20170827213,31
20170827214,14
20170827221,64
20170827222,20
20170827223,32
20170827224,14
20170827231,62
20170827232,20
20170827233,32
20170827234,13
20170828001,57
20170828002,20
20170828003,30
20170828004,9
20170828011,50
20170828012,18
20170828013,19
20170828014,7
20170828021,42
20170828022,17
20170828023,14
20170828024,6
20170828031,37
20170828032,16
20170828033,11
20170828034,5
20170828041,33
20170828042,14
20170828043,9
20170828044,5
20170828051,32
20170828052,13
20170828053,9
20170828054,5
20170828061,38
20170828062,14
20170828063,9
20170828064,5
20170828071,46
20170828072,16
20170828073,11
20170828074,5
20170828081,53
20170828082,18
20170828083,14
20170828084,6
20170828091,66
20170828092,20
20170828093,18
20170828094,9
20170828101,94
20170828102,23
20170828103,27
20170828104,12
20170828111,112
20170828112,28
20170828113,31
20170828114,13
20170828121,114
20170828122,31
20170828123,32
20170828124,16
20170828131,103
20170828132,30
20170828133,30
20170828134,14
20170828141,112
20170828142,32
20170828143,33
20170828144,14
20170828151,111
20170828152,33
20170828153,30
20170828154,15
20170828161,109
20170828162,34
20170828163,29
20170828164,15
20170828171,111
20170828172,34
20170828173,30
20170828174,16
20170828181,114
20170828182,36
20170828183,31
20170828184,15
20170828191,118
20170828192,38
20170828193,30
20170828194,16
20170828201,108
20170828202,38
20170828203,29
20170828204,15
20170828211,99
20170828212,35
20170828213,28
20170828214,15
20170828221,92
20170828222,35
20170828223,28
20170828224,15
20170828231,88
20170828232,34
20170828233,28
20170828234,14
20170829001,80
20170829002,33
20170829003,26
20170829004,9
20170829011,69
20170829012,30
20170829013,17
20170829014,7
20170829021,57
20170829022,25
20170829023,12
20170829024,6
20170829031,48
20170829032,21
20170829033,9
20170829034,5
20170829041,41
20170829042,17
20170829043,8
20170829044,5
20170829051,39
20170829052,15
20170829053,8
20170829054,4
20170829061,45
20170829062,16
20170829063,8
20170829064,4
20170829071,52
20170829072,19
20170829073,11
20170829074,5
20170829081,60
20170829082,20
20170829083,13
20170829084,6
20170829091,74
20170829092,21
20170829093,17
20170829094,8
20170829101,97
20170829102,25
20170829103,25
20170829104,11
20170829111,112
20170829112,30
20170829113,31
20170829114,14
20170829121,113
20170829122,34
20170829123,31
20170829124,15
20170829131,103
20170829132,34
20170829133,30
20170829134,14
20170829141,112
20170829142,38
20170829143,34
20170829144,14
20170829151,111
20170829152,37
20170829153,32
20170829154,14
20170829161,107
20170829162,37
20170829163,31
20170829164,14
20170829171,111
20170829172,37
20170829173,31
20170829174,15
20170829181,114
20170829182,39
20170829183,32
20170829184,15
20170829191,118
20170829192,41
20170829193,29
20170829194,14
20170829201,108
20170829202,40
20170829203,28
20170829204,15
20170829211,101
20170829212,36
20170829213,27
20170829214,15
20170829221,94
20170829222,35
20170829223,27
20170829224,16
20170829231,90
20170829232,34
20170829233,26
20170829234,14
20170830001,81
20170830002,34
20170830003,25
20170830004,10
20170830011,69
20170830012,30
20170830013,17
20170830014,9
20170830021,57
20170830022,24
20170830023,14
20170830024,6
20170830031,49
20170830032,21
20170830033,10
20170830034,6
20170830041,41
20170830042,17
20170830043,8
20170830044,5
20170830051,39
20170830052,16
20170830053,8
20170830054,5
20170830061,44
20170830062,17
20170830063,9
20170830064,5
20170830071,51
20170830072,19
20170830073,10
20170830074,5
20170830081,60
20170830082,20
20170830083,13
20170830084,6
20170830091,75
20170830092,22
20170830093,18
20170830094,9
20170830101,100
20170830102,25
20170830103,24
20170830104,12
20170830111,115
20170830112,31
20170830113,29
20170830114,14
20170830121,112
20170830122,35
20170830123,31
20170830124,15
20170830131,102
20170830132,31
20170830133,30
20170830134,14
20170830141,111
20170830142,37
20170830143,35
20170830144,15
20170830151,111
20170830152,37
20170830153,34
20170830154,15
20170830161,107
20170830162,36
20170830163,32
20170830164,15
20170830171,110
20170830172,37
20170830173,31
20170830174,15
20170830181,114
20170830182,38
20170830183,32
20170830184,14
20170830191,117
20170830192,41
20170830193,30
20170830194,15
20170830201,107
20170830202,40
20170830203,30
20170830204,16
20170830211,101
20170830212,36
20170830213,29
20170830214,15
20170830221,92
20170830222,34
20170830223,28
20170830224,15
20170830231,87
20170830232,34
20170830233,26
20170830234,14
20170831001,79
20170831002,33
20170831003,26
20170831004,10
20170831011,67
20170831012,29
20170831013,18
20170831014,8
20170831021,57
20170831022,24
20170831023,13
20170831024,6
20170831031,49
20170831032,21
20170831033,10
20170831034,6
20170831041,42
20170831042,16
20170831043,8
20170831044,5
20170831051,39
20170831052,16
20170831053,8
20170831054,5
20170831061,44
20170831062,16
20170831063,8
20170831064,5
20170831071,51
20170831072,19
20170831073,10
20170831074,5
20170831081,61
20170831082,20
20170831083,14
20170831084,7
20170831091,77
20170831092,21
20170831093,19
20170831094,10
20170831101,102
20170831102,25
20170831103,26
20170831104,13
20170831111,114
20170831112,31
20170831113,31
20170831114,13
20170831121,114
20170831122,33
20170831123,33
20170831124,14
20170831131,104
20170831132,31
20170831133,33
20170831134,13
20170831141,112
20170831142,36
20170831143,38
20170831144,14
20170831151,110
20170831152,37
20170831153,35
20170831154,15
20170831161,107
20170831162,35
20170831163,32
20170831164,16
20170831171,110
20170831172,35
20170831173,30
20170831174,16
20170831181,113
20170831182,37
20170831183,33
20170831184,15
20170831191,117
20170831192,40
20170831193,32
20170831194,15
20170831201,107
20170831202,39
20170831203,30
20170831204,16
20170831211,100
20170831212,34
20170831213,29
20170831214,15
20170831221,90
20170831222,31
20170831223,28
20170831224,15
20170831231,86
20170831232,32
20170831233,28
20170831234,14
20170901001,80
20170901002,30
20170901003,24
20170901004,10
20170901011,69
20170901012,27
20170901013,18
20170901014,8
20170901021,59
20170901022,24
20170901023,14
20170901024,6
20170901031,50
20170901032,20
20170901033,11
20170901034,5
20170901041,43
20170901042,16
20170901043,9
20170901044,5
20170901051,39
20170901052,16
20170901053,9
20170901054,4
20170901061,44
20170901062,16
20170901063,9
20170901064,4
20170901071,51
20170901072,18
20170901073,11
20170901074,5
20170901081,60
20170901082,19
20170901083,15
20170901084,7
20170901091,75
20170901092,22
20170901093,21
20170901094,9
20170901101,94
20170901102,24
20170901103,27
20170901104,12
20170901111,104
20170901112,28
20170901113,31
20170901114,13
20170901121,105
20170901122,30
20170901123,31
20170901124,15
20170901131,93
20170901132,29
20170901133,29
20170901134,14
20170901141,101
20170901142,32
20170901143,34
20170901144,14
20170901151,101
20170901152,31
20170901153,31
20170901154,15
20170901161,96
20170901162,30
20170901163,29
20170901164,15
20170901171,96
20170901172,30
20170901173,27
20170901174,16
20170901181,102
20170901182,32
20170901183,28
20170901184,15
20170901191,103
20170901192,34
20170901193,26
20170901194,16
20170901201,97
20170901202,34
20170901203,25
20170901204,17
20170901211,91
20170901212,30
20170901213,26
20170901214,14
20170901221,86
20170901222,28
20170901223,26
20170901224,15
20170901231,82
20170901232,27
20170901233,24
20170901234,13
20170902001,73
20170902002,27
20170902003,22
20170902004,10
20170902011,62
20170902012,24
20170902013,15
20170902014,8
20170902021,52
20170902022,21
20170902023,12
20170902024,6
20170902031,43
20170902032,17
20170902033,10
20170902034,5
20170902041,37
20170902042,13
20170902043,8
20170902044,5
20170902051,33
20170902052,12
20170902053,7
20170902054,5
20170902061,35
20170902062,11
20170902063,8
20170902064,5
20170902071,40
20170902072,12
20170902073,10
20170902074,5
20170902081,46
20170902082,13
20170902083,13
20170902084,7
20170902091,51
20170902092,15
20170902093,17
20170902094,9
20170902101,62
20170902102,17
20170902103,22
20170902104,11
20170902111,68
20170902112,18
20170902113,26
20170902114,13
20170902121,69
20170902122,17
20170902123,28
20170902124,15
20170902131,62
20170902132,17
20170902133,27
20170902134,14
20170902141,61
20170902142,16
20170902143,29
20170902144,14
20170902151,60
20170902152,16
20170902153,29
20170902154,15
20170902161,58
20170902162,17
20170902163,29
20170902164,16
20170902171,58
20170902172,17
20170902173,30
20170902174,16
20170902181,64
20170902182,18
20170902183,35
20170902184,14
20170902191,68
20170902192,20
20170902193,44
20170902194,15
20170902201,70
20170902202,20
20170902203,46
20170902204,16
20170902211,68
20170902212,19
20170902213,42
20170902214,16
20170902221,67
20170902222,19
20170902223,37
20170902224,15
20170902231,65
20170902232,19
20170902233,35
20170902234,14
20170903001,60
20170903002,19
20170903003,35
20170903004,10
20170903011,52
20170903012,17
20170903013,23
20170903014,7
20170903021,44
20170903022,16
20170903023,18
20170903024,6
20170903031,37
20170903032,14
20170903033,14
20170903034,5
20170903041,31
20170903042,12
20170903043,10
20170903044,4
20170903051,29
20170903052,11
20170903053,9
20170903054,4
20170903061,30
20170903062,11
20170903063,10
20170903064,5
20170903071,34
20170903072,11
20170903073,12
20170903074,5
20170903081,39
20170903082,12
20170903083,14
20170903084,7
20170903091,45
20170903092,13
20170903093,17
20170903094,9
20170903101,54
20170903102,14
20170903103,24
20170903104,10
20170903111,64
20170903112,16
20170903113,30
20170903114,12
20170903121,68
20170903122,16
20170903123,29
20170903124,16
20170903131,62
20170903132,15
20170903133,31
20170903134,14
20170903141,62
20170903142,16
20170903143,33
20170903144,14
20170903151,61
20170903152,16
20170903153,31
20170903154,14
20170903161,59
20170903162,17
20170903163,30
20170903164,14
20170903171,60
20170903172,18
20170903173,32
20170903174,15
20170903181,66
20170903182,18
20170903183,40
20170903184,15
20170903191,71
20170903192,20
20170903193,52
20170903194,16
20170903201,71
20170903202,20
20170903203,46
20170903204,16
20170903211,70
20170903212,20
20170903213,45
20170903214,14
20170903221,68
20170903222,21
20170903223,36
20170903224,15
20170903231,65
20170903232,21
20170903233,33
20170903234,14
20170904001,60
20170904002,21
20170904003,34
20170904004,9
20170904011,51
20170904012,19
20170904013,26
20170904014,7
20170904021,44
20170904022,17
20170904023,18
20170904024,6
20170904031,39
20170904032,16
20170904033,15
20170904034,5
20170904041,33
20170904042,15
20170904043,11
20170904044,4
20170904051,32
20170904052,14
20170904053,11
20170904054,4
20170904061,37
20170904062,14
20170904063,12
20170904064,4
20170904071,44
20170904072,16
20170904073,15
20170904074,5
20170904081,52
20170904082,19
20170904083,18
20170904084,7
20170904091,64
20170904092,21
20170904093,24
20170904094,9
20170904101,88
20170904102,23
20170904103,32
20170904104,12
20170904111,110
20170904112,27
20170904113,37
20170904114,13
20170904121,111
20170904122,30
20170904123,36
20170904124,15
20170904131,99
20170904132,30
20170904133,34
20170904134,13
20170904141,106
20170904142,32
20170904143,38
20170904144,15
20170904151,106
20170904152,33
20170904153,33
20170904154,14
20170904161,103
20170904162,33
20170904163,29
20170904164,15
20170904171,105
20170904172,34
20170904173,27
20170904174,16
20170904181,110
20170904182,35
20170904183,34
20170904184,14
20170904191,113
20170904192,38
20170904193,29
20170904194,14
20170904201,106
20170904202,38
20170904203,29
20170904204,15
20170904211,97
20170904212,36
20170904213,28
20170904214,15
20170904221,89
20170904222,35
20170904223,27
20170904224,16
20170904231,86
20170904232,34
20170904233,27
20170904234,14
20170905001,80
20170905002,33
20170905003,24
20170905004,9
20170905011,68
20170905012,30
20170905013,19
20170905014,8
20170905021,57
20170905022,25
20170905023,16
20170905024,6
20170905031,49
20170905032,20
20170905033,13
20170905034,6
20170905041,42
20170905042,17
20170905043,10
20170905044,5
20170905051,40
20170905052,16
20170905053,9
20170905054,4
20170905061,43
20170905062,16
20170905063,11
20170905064,5
20170905071,50
20170905072,19
20170905073,14
20170905074,5
20170905081,59
20170905082,20
20170905083,17
20170905084,7
20170905091,72
20170905092,22
20170905093,21
20170905094,9
20170905101,93
20170905102,25
20170905103,28
20170905104,12
20170905111,108
20170905112,29
20170905113,30
20170905114,14
20170905121,111
20170905122,33
20170905123,30
20170905124,16
20170905131,101
20170905132,33
20170905133,28
20170905134,14
20170905141,110
20170905142,37
20170905143,33
20170905144,15
20170905151,109
20170905152,37
20170905153,28
20170905154,15
20170905161,105
20170905162,36
20170905163,27
20170905164,15
20170905171,108
20170905172,37
20170905173,28
20170905174,15
20170905181,111
20170905182,38
20170905183,31
20170905184,16
20170905191,114
20170905192,40
20170905193,29
20170905194,16
20170905201,109
20170905202,40
20170905203,26
20170905204,16
20170905211,102
20170905212,37
20170905213,26
20170905214,15
20170905221,94
20170905222,35
20170905223,27
20170905224,15
20170905231,88
20170905232,34
20170905233,25
20170905234,14
20170906001,80
20170906002,33
20170906003,23
20170906004,10
20170906011,68
20170906012,29
20170906013,18
20170906014,8
20170906021,57
20170906022,25
20170906023,15
20170906024,6
20170906031,49
20170906032,21
20170906033,13
20170906034,6
20170906041,42
20170906042,17
20170906043,10
20170906044,5
20170906051,40
20170906052,16
20170906053,9
20170906054,5
20170906061,44
20170906062,17
20170906063,9
20170906064,4
20170906071,51
20170906072,19
20170906073,13
20170906074,5
20170906081,60
20170906082,20
20170906083,15
20170906084,7
20170906091,72
20170906092,22
20170906093,19
20170906094,9
20170906101,96
20170906102,25
20170906103,27
20170906104,12
20170906111,110
20170906112,30
20170906113,30
20170906114,14
20170906121,111
20170906122,35
20170906123,29
20170906124,15
20170906131,101
20170906132,33
20170906133,27
20170906134,14
20170906141,110
20170906142,38
20170906143,33
20170906144,15
20170906151,110
20170906152,38
20170906153,29
20170906154,16
20170906161,106
20170906162,36
20170906163,27
20170906164,16
20170906171,110
20170906172,37
20170906173,27
20170906174,16
20170906181,114
20170906182,39
20170906183,29
20170906184,15
20170906191,118
20170906192,41
20170906193,26
20170906194,16
20170906201,108
20170906202,40
20170906203,25
20170906204,16
20170906211,102
20170906212,36
20170906213,24
20170906214,16
20170906221,95
20170906222,34
20170906223,24
20170906224,16
20170906231,89
20170906232,34
20170906233,23
20170906234,14
20170907001,81
20170907002,33
20170907003,23
20170907004,10
20170907011,70
20170907012,29
20170907013,17
20170907014,8
20170907021,58
20170907022,25
20170907023,14
20170907024,6
20170907031,49
20170907032,21
20170907033,11
20170907034,5
20170907041,42
20170907042,17
20170907043,8
20170907044,5
20170907051,40
20170907052,16
20170907053,8
20170907054,5
20170907061,44
20170907062,17
20170907063,9
20170907064,5
20170907071,52
20170907072,19
20170907073,11
20170907074,6
20170907081,60
20170907082,20
20170907083,14
20170907084,7
20170907091,74
20170907092,22
20170907093,19
20170907094,10
20170907101,99
20170907102,26
20170907103,26
20170907104,13
20170907111,114
20170907112,31
20170907113,28
20170907114,14
20170907121,113
20170907122,34
20170907123,27
20170907124,15
20170907131,104
20170907132,31
20170907133,25
20170907134,14
20170907141,112
20170907142,37
20170907143,30
20170907144,15
20170907151,111
20170907152,37
20170907153,27
20170907154,15
20170907161,108
20170907162,35
20170907163,25
20170907164,15
20170907171,110
20170907172,36
20170907173,24
20170907174,16
20170907181,116
20170907182,38
20170907183,28
20170907184,15
20170907191,118
20170907192,39
20170907193,24
20170907194,15
20170907201,108
20170907202,38
20170907203,23
20170907204,16
20170907211,101
20170907212,34
20170907213,23
20170907214,15
20170907221,94
20170907222,32
20170907223,24
20170907224,15
20170907231,89
20170907232,32
20170907233,23
20170907234,14
20170908001,80
20170908002,31
20170908003,22
20170908004,10
20170908011,68
20170908012,27
20170908013,16
20170908014,7
20170908021,58
20170908022,23
20170908023,14
20170908024,6
20170908031,51
20170908032,20
20170908033,11
20170908034,5
20170908041,43
20170908042,17
20170908043,9
20170908044,5
20170908051,40
20170908052,16
20170908053,8
20170908054,5
20170908061,44
20170908062,16
20170908063,8
20170908064,5
20170908071,51
20170908072,18
20170908073,11
20170908074,5
20170908081,61
20170908082,19
20170908083,13
20170908084,7
20170908091,73
20170908092,21
20170908093,18
20170908094,9
20170908101,93
20170908102,24
20170908103,24
20170908104,12
20170908111,104
20170908112,28
20170908113,27
20170908114,13
20170908121,104
20170908122,30
20170908123,27
20170908124,14
20170908131,94
20170908132,29
20170908133,25
20170908134,12
20170908141,101
20170908142,33
20170908143,29
20170908144,14
20170908151,101
20170908152,32
20170908153,27
20170908154,14
20170908161,97
20170908162,31
20170908163,24
20170908164,16
20170908171,97
20170908172,31
20170908173,23
20170908174,15
20170908181,102
20170908182,33
20170908183,27
20170908184,15
20170908191,104
20170908192,35
20170908193,26
20170908194,16
20170908201,97
20170908202,34
20170908203,25
20170908204,17
20170908211,91
20170908212,30
20170908213,23
20170908214,15
20170908221,87
20170908222,28
20170908223,23
20170908224,16
20170908231,82
20170908232,27
20170908233,22
20170908234,13
20170909001,72
20170909002,28
20170909003,21
20170909004,9
20170909011,60
20170909012,24
20170909013,16
20170909014,7
20170909021,51
20170909022,21
20170909023,13
20170909024,6
20170909031,43
20170909032,17
20170909033,10
20170909034,5
20170909041,36
20170909042,14
20170909043,8
20170909044,5
20170909051,33
20170909052,12
20170909053,8
20170909054,4
20170909061,34
20170909062,11
20170909063,8
20170909064,5
20170909071,38
20170909072,12
20170909073,10
20170909074,5
20170909081,44
20170909082,14
20170909083,12
20170909084,6
20170909091,50
20170909092,15
20170909093,17
20170909094,8
20170909101,60
20170909102,17
20170909103,22
20170909104,11
20170909111,67
20170909112,18
20170909113,26
20170909114,12
20170909121,67
20170909122,17
20170909123,27
20170909124,15
20170909131,60
20170909132,17
20170909133,26
20170909134,13
20170909141,61
20170909142,17
20170909143,30
20170909144,14
20170909151,59
20170909152,17
20170909153,31
20170909154,14
20170909161,57
20170909162,17
20170909163,38
20170909164,14
20170909171,58
20170909172,17
20170909173,42
20170909174,14
20170909181,62
20170909182,18
20170909183,48
20170909184,13
20170909191,65
20170909192,20
20170909193,43
20170909194,14
20170909201,67
20170909202,20
20170909203,45
20170909204,14
20170909211,65
20170909212,19
20170909213,39
20170909214,15
20170909221,64
20170909222,19
20170909223,36
20170909224,14
20170909231,64
20170909232,19
20170909233,32
20170909234,14
20170910001,59
20170910002,19
20170910003,33
20170910004,10
20170910011,50
20170910012,17
20170910013,21
20170910014,8
20170910021,42
20170910022,16
20170910023,15
20170910024,6
20170910031,36
20170910032,15
20170910033,12
20170910034,5
20170910041,31
20170910042,12
20170910043,10
20170910044,5
20170910051,29
20170910052,11
20170910053,9
20170910054,5
20170910061,31
20170910062,11
20170910063,9
20170910064,5
20170910071,34
20170910072,12
20170910073,11
20170910074,5
20170910081,39
20170910082,12
20170910083,13
20170910084,6
20170910091,45
20170910092,13
20170910093,17
20170910094,8
20170910101,54
20170910102,14
20170910103,23
20170910104,11
20170910111,63
20170910112,16
20170910113,26
20170910114,12
20170910121,66
20170910122,16
20170910123,27
20170910124,16
20170910131,60
20170910132,15
20170910133,26
20170910134,13
20170910141,62
20170910142,16
20170910143,29
20170910144,15
20170910151,60
20170910152,16
20170910153,30
20170910154,14
20170910161,58
20170910162,17
20170910163,39
20170910164,15
20170910171,60
20170910172,18
20170910173,45
20170910174,15
20170910181,66
20170910182,19
20170910183,41
20170910184,14
20170910191,72
20170910192,20
20170910193,47
20170910194,14
20170910201,72
20170910202,20
20170910203,42
20170910204,15
20170910211,70
20170910212,20
20170910213,40
20170910214,14
20170910221,69
20170910222,21
20170910223,38
20170910224,15
20170910231,67
20170910232,21
20170910233,36
20170910234,13
20170911001,61
20170911002,21
20170911003,33
20170911004,9
20170911011,51
20170911012,19
20170911013,26
20170911014,7
20170911021,45
20170911022,17
20170911023,20
20170911024,6
20170911031,40
20170911032,16
20170911033,14
20170911034,5
20170911041,34
20170911042,15
20170911043,11
20170911044,5
20170911051,33
20170911052,14
20170911053,9
20170911054,4
20170911061,39
20170911062,15
20170911063,9
20170911064,5
20170911071,45
20170911072,16
20170911073,12
20170911074,5
20170911081,52
20170911082,19
20170911083,14
20170911084,6
20170911091,66
20170911092,21
20170911093,19
20170911094,9
20170911101,93
20170911102,23
20170911103,26
20170911104,11
20170911111,112
20170911112,28
20170911113,31
20170911114,13
20170911121,113
20170911122,31
20170911123,31
20170911124,15
20170911131,103
20170911132,30
20170911133,30
20170911134,13
20170911141,112
20170911142,34
20170911143,33
20170911144,14
20170911151,112
20170911152,35
20170911153,31
20170911154,14
20170911161,110
20170911162,36
20170911163,31
20170911164,14
20170911171,115
20170911172,36
20170911173,31
20170911174,15
20170911181,118
20170911182,38
20170911183,34
20170911184,15
20170911191,123
20170911192,39
20170911193,30
20170911194,14
20170911201,116
20170911202,39
20170911203,32
20170911204,16
20170911211,102
20170911212,36
20170911213,32
20170911214,16
20170911221,95
20170911222,36
20170911223,33
20170911224,16
20170911231,90
20170911232,35
20170911233,32
20170911234,13
20170912001,82
20170912002,33
20170912003,32
20170912004,9
20170912011,71
20170912012,30
20170912013,23
20170912014,8
20170912021,59
20170912022,25
20170912023,22
20170912024,6
20170912031,51
20170912032,21
20170912033,19
20170912034,5
20170912041,43
20170912042,17
20170912043,18
20170912044,4
20170912051,41
20170912052,16
20170912053,21
20170912054,4
20170912061,45
20170912062,17
20170912063,25
20170912064,4
20170912071,52
20170912072,19
20170912073,28
20170912074,5
20170912081,60
20170912082,20
20170912083,28
20170912084,6
20170912091,73
20170912092,22
20170912093,33
20170912094,9
20170912101,95
20170912102,25
20170912103,39
20170912104,12
20170912111,110
20170912112,30
20170912113,41
20170912114,14
20170912121,113
20170912122,34
20170912123,42
20170912124,15
20170912131,103
20170912132,34
20170912133,38
20170912134,14
20170912141,113
20170912142,37
20170912143,42
20170912144,15
20170912151,112
20170912152,38
20170912153,39
20170912154,15
20170912161,108
20170912162,38
20170912163,37
20170912164,15
20170912171,111
20170912172,38
20170912173,35
20170912174,15
20170912181,115
20170912182,40
20170912183,35
20170912184,14
20170912191,118
20170912192,41
20170912193,31
20170912194,15
20170912201,109
20170912202,41
20170912203,33
20170912204,15
20170912211,103
20170912212,37
20170912213,30
20170912214,14
20170912221,95
20170912222,35
20170912223,29
20170912224,15
20170912231,90
20170912232,35
20170912233,27
20170912234,14
20170913001,82
20170913002,33
20170913003,23
20170913004,10
20170913011,70
20170913012,30
20170913013,18
20170913014,8
20170913021,58
20170913022,25
20170913023,16
20170913024,6
20170913031,50
20170913032,21
20170913033,13
20170913034,6
20170913041,43
20170913042,17
20170913043,11
20170913044,5
20170913051,40
20170913052,16
20170913053,11
20170913054,5
20170913061,45
20170913062,16
20170913063,12
20170913064,5
20170913071,52
20170913072,18
20170913073,17
20170913074,5
20170913081,60
20170913082,20
20170913083,21
20170913084,6
20170913091,73
20170913092,22
20170913093,27
20170913094,9
20170913101,96
20170913102,26
20170913103,35
20170913104,12
20170913111,109
20170913112,31
20170913113,38
20170913114,14
20170913121,110
20170913122,35
20170913123,41
20170913124,15
20170913131,101
20170913132,33
20170913133,38
20170913134,13
20170913141,111
20170913142,38
20170913143,43
20170913144,15
20170913151,110
20170913152,38
20170913153,38
20170913154,14
20170913161,106
20170913162,37
20170913163,38
20170913164,14
20170913171,108
20170913172,38
20170913173,37
20170913174,14
20170913181,112
20170913182,40
20170913183,38
20170913184,13
20170913191,113
20170913192,41
20170913193,32
20170913194,14
20170913201,107
20170913202,40
20170913203,29
20170913204,15
20170913211,102
20170913212,36
20170913213,28
20170913214,16
20170913221,96
20170913222,34
20170913223,26
20170913224,16
20170913231,90
20170913232,33
20170913233,24
20170913234,13
20170914001,81
20170914002,33
20170914003,22
20170914004,10
20170914011,68
20170914012,29
20170914013,16
20170914014,8
20170914021,58
20170914022,25
20170914023,13
20170914024,6
20170914031,49
20170914032,21
20170914033,11
20170914034,6
20170914041,42
20170914042,17
20170914043,9
20170914044,5
20170914051,40
20170914052,16
20170914053,10
20170914054,5
20170914061,44
20170914062,16
20170914063,11
20170914064,5
20170914071,51
20170914072,19
20170914073,15
20170914074,6
20170914081,60
20170914082,20
20170914083,18
20170914084,7
20170914091,74
20170914092,22
20170914093,22
20170914094,10
20170914101,98
20170914102,26
20170914103,29
20170914104,13
20170914111,111
20170914112,30
20170914113,32
20170914114,14
20170914121,111
20170914122,34
20170914123,36
20170914124,15
20170914131,104
20170914132,31
20170914133,30
20170914134,14
20170914141,112
20170914142,37
20170914143,38
20170914144,15
20170914151,109
20170914152,37
20170914153,30
20170914154,15
20170914161,106
20170914162,35
20170914163,26
20170914164,16
20170914171,109
20170914172,37
20170914173,26
20170914174,16
20170914181,112
20170914182,39
20170914183,26
20170914184,15
20170914191,114
20170914192,40
20170914193,25
20170914194,15
20170914201,107
20170914202,38
20170914203,25
20170914204,15
20170914211,101
20170914212,35
20170914213,24
20170914214,15
20170914221,93
20170914222,32
20170914223,24
20170914224,15
20170914231,88
20170914232,32
20170914233,22
20170914234,13
20170915001,80
20170915002,31
20170915003,22
20170915004,9
20170915011,68
20170915012,27
20170915013,15
20170915014,7
20170915021,58
20170915022,23
20170915023,12
20170915024,6
20170915031,51
20170915032,20
20170915033,9
20170915034,5
20170915041,43
20170915042,16
20170915043,8
20170915044,5
20170915051,39
20170915052,15
20170915053,7
20170915054,5
20170915061,43
20170915062,15
20170915063,9
20170915064,5
20170915071,50
20170915072,18
20170915073,11
20170915074,5
20170915081,60
20170915082,19
20170915083,14
20170915084,6
20170915091,73
20170915092,21
20170915093,16
20170915094,9
20170915101,92
20170915102,24
20170915103,22
20170915104,12
20170915111,104
20170915112,28
20170915113,26
20170915114,13
20170915121,103
20170915122,31
20170915123,28
20170915124,14
20170915131,94
20170915132,29
20170915133,25
20170915134,14
20170915141,101
20170915142,33
20170915143,30
20170915144,15
20170915151,99
20170915152,33
20170915153,27
20170915154,15
20170915161,95
20170915162,31
20170915163,23
20170915164,15
20170915171,96
20170915172,32
20170915173,22
20170915174,15
20170915181,103
20170915182,33
20170915183,22
20170915184,14
20170915191,104
20170915192,34
20170915193,22
20170915194,15
20170915201,97
20170915202,34
20170915203,22
20170915204,16
20170915211,91
20170915212,30
20170915213,21
20170915214,15
20170915221,86
20170915222,28
20170915223,22
20170915224,16
20170915231,81
20170915232,26
20170915233,20
20170915234,13
20170916001,72
20170916002,29
20170916003,20
20170916004,9
20170916011,60
20170916012,24
20170916013,14
20170916014,7
20170916021,51
20170916022,21
20170916023,10
20170916024,6
20170916031,44
20170916032,18
20170916033,8
20170916034,5
20170916041,37
20170916042,14
20170916043,7
20170916044,5
20170916051,32
20170916052,12
20170916053,7
20170916054,5
20170916061,34
20170916062,11
20170916063,7
20170916064,5
20170916071,38
20170916072,12
20170916073,9
20170916074,5
20170916081,43
20170916082,13
20170916083,11
20170916084,7
20170916091,49
20170916092,16
20170916093,13
20170916094,8
20170916101,59
20170916102,17
20170916103,17
20170916104,10
20170916111,66
20170916112,18
20170916113,20
20170916114,10
20170916121,68
20170916122,17
20170916123,23
20170916124,11
20170916131,60
20170916132,17
20170916133,22
20170916134,13
20170916141,61
20170916142,17
20170916143,25
20170916144,14
20170916151,59
20170916152,16
20170916153,24
20170916154,14
20170916161,58
20170916162,18
20170916163,24
20170916164,14
20170916171,58
20170916172,18
20170916173,26
20170916174,14
20170916181,62
20170916182,18
20170916183,27
20170916184,13
20170916191,67
20170916192,21
20170916193,27
20170916194,14
20170916201,68
20170916202,20
20170916203,26
20170916204,14
20170916211,65
20170916212,19
20170916213,25
20170916214,14
20170916221,63
20170916222,19
20170916223,25
20170916224,14
20170916231,62
20170916232,19
20170916233,24
20170916234,13
20170917001,58
20170917002,19
20170917003,23
20170917004,9
20170917011,50
20170917012,17
20170917013,16
20170917014,7
20170917021,42
20170917022,16
20170917023,12
20170917024,6
20170917031,36
20170917032,15
20170917033,9
20170917034,5
20170917041,31
20170917042,12
20170917043,7
20170917044,5
20170917051,28
20170917052,11
20170917053,7
20170917054,5
20170917061,30
20170917062,11
20170917063,7
20170917064,5
20170917071,34
20170917072,11
20170917073,9
20170917074,5
20170917081,39
20170917082,12
20170917083,11
20170917084,6
20170917091,45
20170917092,13
20170917093,13
20170917094,8
20170917101,54
20170917102,14
20170917103,17
20170917104,9
20170917111,64
20170917112,16
20170917113,21
20170917114,11
20170917121,68
20170917122,16
20170917123,24
20170917124,14
20170917131,61
20170917132,15
20170917133,24
20170917134,13
20170917141,62
20170917142,16
20170917143,27
20170917144,13
20170917151,60
20170917152,16
20170917153,25
20170917154,13
20170917161,59
20170917162,18
20170917163,24
20170917164,13
20170917171,60
20170917172,19
20170917173,25
20170917174,13
20170917181,65
20170917182,19
20170917183,25
20170917184,12
20170917191,73
20170917192,20
20170917193,26
20170917194,12
20170917201,73
20170917202,20
20170917203,25
20170917204,13
20170917211,70
20170917212,20
20170917213,24
20170917214,12
20170917221,68
20170917222,21
20170917223,25
20170917224,13
20170917231,67
20170917232,21
20170917233,25
20170917234,12
20170918001,61
20170918002,21
20170918003,23
20170918004,8
20170918011,52
20170918012,19
20170918013,16
20170918014,7
20170918021,45
20170918022,17
20170918023,13
20170918024,6
20170918031,39
20170918032,15
20170918033,11
20170918034,5
20170918041,34
20170918042,14
20170918043,8
20170918044,5
20170918051,33
20170918052,14
20170918053,7
20170918054,4
20170918061,39
20170918062,15
20170918063,8
20170918064,4
20170918071,44
20170918072,16
20170918073,10
20170918074,4
20170918081,53
20170918082,19
20170918083,12
20170918084,5
20170918091,65
20170918092,22
20170918093,16
20170918094,8
20170918101,93
20170918102,24
20170918103,23
20170918104,11
20170918111,113
20170918112,29
20170918113,28
20170918114,12
20170918121,114
20170918122,33
20170918123,29
20170918124,14
20170918131,103
20170918132,32
20170918133,29
20170918134,12
20170918141,110
20170918142,35
20170918143,32
20170918144,13
20170918151,109
20170918152,36
20170918153,31
20170918154,13
20170918161,107
20170918162,35
20170918163,29
20170918164,13
20170918171,108
20170918172,35
20170918173,27
20170918174,13
20170918181,112
20170918182,37
20170918183,29
20170918184,13
20170918191,116
20170918192,39
20170918193,28
20170918194,13
20170918201,107
20170918202,40
20170918203,26
20170918204,13
20170918211,100
20170918212,37
20170918213,27
20170918214,12
20170918221,92
20170918222,36
20170918223,27
20170918224,13
20170918231,88
20170918232,35
20170918233,27
20170918234,12
20170919001,81
20170919002,35
20170919003,25
20170919004,8
20170919011,69
20170919012,31
20170919013,18
20170919014,7
20170919021,57
20170919022,26
20170919023,14
20170919024,6
20170919031,49
20170919032,21
20170919033,11
20170919034,5
20170919041,41
20170919042,17
20170919043,9
20170919044,5
20170919051,39
20170919052,16
20170919053,8
20170919054,5
20170919061,44
20170919062,16
20170919063,9
20170919064,5
20170919071,51
20170919072,19
20170919073,11
20170919074,5
20170919081,60
20170919082,20
20170919083,13
20170919084,6
20170919091,73
20170919092,22
20170919093,18
20170919094,9
20170919101,95
20170919102,26
20170919103,26
20170919104,11
20170919111,108
20170919112,32
20170919113,32
20170919114,13
20170919121,112
20170919122,37
20170919123,31
20170919124,16
20170919131,101
20170919132,35
20170919133,31
20170919134,14
20170919141,110
20170919142,38
20170919143,36
20170919144,14
20170919151,109
20170919152,38
20170919153,33
20170919154,13
20170919161,106
20170919162,38
20170919163,32
20170919164,13
20170919171,109
20170919172,38
20170919173,31
20170919174,13
20170919181,112
20170919182,40
20170919183,32
20170919184,13
20170919191,115
20170919192,42
20170919193,29
20170919194,14
20170919201,109
20170919202,41
20170919203,28
20170919204,14
20170919211,102
20170919212,38
20170919213,25
20170919214,14
20170919221,94
20170919222,35
20170919223,28
20170919224,16
20170919231,89
20170919232,35
20170919233,26
20170919234,14
20170920001,82
20170920002,34
20170920003,25
20170920004,10
20170920011,70
20170920012,31
20170920013,17
20170920014,9
20170920021,57
20170920022,25
20170920023,14
20170920024,6
20170920031,50
20170920032,21
20170920033,12
20170920034,6
20170920041,42
20170920042,17
20170920043,9
20170920044,5
20170920051,40
20170920052,16
20170920053,8
20170920054,5
20170920061,44
20170920062,16
20170920063,9
20170920064,5
20170920071,52
20170920072,18
20170920073,11
20170920074,5
20170920081,60
20170920082,20
20170920083,14
20170920084,6
20170920091,72
20170920092,22
20170920093,19
20170920094,8
20170920101,94
20170920102,26
20170920103,27
20170920104,12
20170920111,108
20170920112,33
20170920113,35
20170920114,13
20170920121,110
20170920122,37
20170920123,35
20170920124,16
20170920131,100
20170920132,33
20170920133,34
20170920134,14
20170920141,110
20170920142,38
20170920143,39
20170920144,17
20170920151,110
20170920152,38
20170920153,36
20170920154,16
20170920161,106
20170920162,37
20170920163,35
20170920164,15
20170920171,110
20170920172,37
20170920173,33
20170920174,15
20170920181,114
20170920182,39
20170920183,33
20170920184,15
20170920191,117
20170920192,42
20170920193,31
20170920194,15
20170920201,108
20170920202,41
20170920203,30
20170920204,16
20170920211,102
20170920212,37
20170920213,29
20170920214,15
20170920221,95
20170920222,35
20170920223,28
20170920224,15
20170920231,90
20170920232,34
20170920233,26
20170920234,13
20170921001,81
20170921002,33
20170921003,25
20170921004,10
20170921011,69
20170921012,30
20170921013,18
20170921014,9
20170921021,57
20170921022,25
20170921023,15
20170921024,6
20170921031,49
20170921032,21
20170921033,12
20170921034,5
20170921041,42
20170921042,17
20170921043,10
20170921044,5
20170921051,39
20170921052,16
20170921053,8
20170921054,5
20170921061,44
20170921062,16
20170921063,9
20170921064,5
20170921071,51
20170921072,18
20170921073,11
20170921074,6
20170921081,59
20170921082,20
20170921083,14
20170921084,7
20170921091,74
20170921092,22
20170921093,21
20170921094,10
20170921101,97
20170921102,27
20170921103,28
20170921104,13
20170921111,110
20170921112,31
20170921113,34
20170921114,14
20170921121,112
20170921122,36
20170921123,34
20170921124,14
20170921131,104
20170921132,31
20170921133,33
20170921134,13
20170921141,112
20170921142,37
20170921143,41
20170921144,14
20170921151,110
20170921152,38
20170921153,38
20170921154,14
20170921161,107
20170921162,36
20170921163,37
20170921164,15
20170921171,110
20170921172,36
20170921173,36
20170921174,16
20170921181,115
20170921182,39
20170921183,36
20170921184,15
20170921191,118
20170921192,41
20170921193,34
20170921194,15
20170921201,108
20170921202,40
20170921203,34
20170921204,16
20170921211,101
20170921212,35
20170921213,33
20170921214,16
20170921221,93
20170921222,33
20170921223,33
20170921224,16
20170921231,88
20170921232,33
20170921233,32
20170921234,15
20170922001,79
20170922002,31
20170922003,36
20170922004,10
20170922011,68
20170922012,28
20170922013,24
20170922014,7
20170922021,58
20170922022,24
20170922023,20
20170922024,6
20170922031,50
20170922032,21
20170922033,18
20170922034,5
20170922041,42
20170922042,17
20170922043,16
20170922044,5
20170922051,39
20170922052,15
20170922053,20
20170922054,5
20170922061,43
20170922062,16
20170922063,22
20170922064,5
20170922071,50
20170922072,18
20170922073,28
20170922074,5
20170922081,59
20170922082,19
20170922083,29
20170922084,6
20170922091,73
20170922092,22
20170922093,34
20170922094,9
20170922101,92
20170922102,25
20170922103,42
20170922104,12
20170922111,103
20170922112,30
20170922113,47
20170922114,13
20170922121,103
20170922122,32
20170922123,45
20170922124,15
20170922131,93
20170922132,30
20170922133,43
20170922134,14
20170922141,100
20170922142,34
20170922143,46
20170922144,15
20170922151,99
20170922152,33
20170922153,39
20170922154,15
20170922161,94
20170922162,31
20170922163,35
20170922164,15
20170922171,94
20170922172,32
20170922173,33
20170922174,15
20170922181,98
20170922182,33
20170922183,32
20170922184,14
20170922191,101
20170922192,35
20170922193,30
20170922194,15
20170922201,96
20170922202,36
20170922203,28
20170922204,16
20170922211,90
20170922212,31
20170922213,28
20170922214,14
20170922221,85
20170922222,28
20170922223,28
20170922224,14
20170922231,81
20170922232,27
20170922233,27
20170922234,13
20170923001,71
20170923002,28
20170923003,26
20170923004,9
20170923011,60
20170923012,24
20170923013,18
20170923014,7
20170923021,51
20170923022,21
20170923023,15
20170923024,6
20170923031,43
20170923032,17
20170923033,12
20170923034,5
20170923041,36
20170923042,13
20170923043,10
20170923044,5
20170923051,32
20170923052,12
20170923053,11
20170923054,5
20170923061,34
20170923062,12
20170923063,12
20170923064,5
20170923071,38
20170923072,12
20170923073,16
20170923074,5
20170923081,44
20170923082,14
20170923083,21
20170923084,6
20170923091,50
20170923092,16
20170923093,24
20170923094,8
20170923101,61
20170923102,17
20170923103,29
20170923104,10
20170923111,68
20170923112,18
20170923113,33
20170923114,12
20170923121,68
20170923122,17
20170923123,36
20170923124,15
20170923131,61
20170923132,17
20170923133,34
20170923134,14
20170923141,62
20170923142,17
20170923143,36
20170923144,14
20170923151,59
20170923152,17
20170923153,36
20170923154,14
20170923161,58
20170923162,18
20170923163,40
20170923164,14
20170923171,58
20170923172,18
20170923173,41
20170923174,15
20170923181,64
20170923182,19
20170923183,42
20170923184,15
20170923191,67
20170923192,20
20170923193,50
20170923194,15
20170923201,68
20170923202,21
20170923203,50
20170923204,15
20170923211,65
20170923212,20
20170923213,46
20170923214,15
20170923221,63
20170923222,19
20170923223,35
20170923224,16
20170923231,62
20170923232,19
20170923233,32
20170923234,14
20170924001,58
20170924002,19
20170924003,28
20170924004,10
20170924011,49
20170924012,17
20170924013,18
20170924014,8
20170924021,41
20170924022,16
20170924023,14
20170924024,6
20170924031,36
20170924032,15
20170924033,11
20170924034,6
20170924041,31
20170924042,12
20170924043,9
20170924044,5
20170924051,28
20170924052,11
20170924053,9
20170924054,5
20170924061,30
20170924062,11
20170924063,10
20170924064,5
20170924071,34
20170924072,11
20170924073,13
20170924074,5
20170924081,39
20170924082,12
20170924083,16
20170924084,6
20170924091,45
20170924092,13
20170924093,20
20170924094,8
20170924101,55
20170924102,14
20170924103,25
20170924104,10
20170924111,64
20170924112,16
20170924113,28
20170924114,11
20170924121,69
20170924122,16
20170924123,29
20170924124,14
20170924131,62
20170924132,15
20170924133,26
20170924134,15
20170924141,63
20170924142,16
20170924143,31
20170924144,16
20170924151,61
20170924152,16
20170924153,29
20170924154,16
20170924161,59
20170924162,17
20170924163,33
20170924164,16
20170924171,60
20170924172,18
20170924173,31
20170924174,15
20170924181,66
20170924182,19
20170924183,31
20170924184,15
20170924191,72
20170924192,20
20170924193,32
20170924194,15
20170924201,73
20170924202,20
20170924203,34
20170924204,15
20170924211,70
20170924212,20
20170924213,32
20170924214,14
20170924221,68
20170924222,20
20170924223,31
20170924224,14
20170924231,66
20170924232,20
20170924233,28
20170924234,14
20170925001,62
20170925002,20
20170925003,26
20170925004,9
20170925011,52
20170925012,18
20170925013,16
20170925014,7
20170925021,45
20170925022,17
20170925023,12
20170925024,6
20170925031,39
20170925032,16
20170925033,9
20170925034,6
20170925041,34
20170925042,14
20170925043,8
20170925044,5
20170925051,33
20170925052,14
20170925053,8
20170925054,5
20170925061,38
20170925062,14
20170925063,9
20170925064,5
20170925071,44
20170925072,16
20170925073,12
20170925074,5
20170925081,51
20170925082,19
20170925083,15
20170925084,6
20170925091,64
20170925092,20
20170925093,19
20170925094,9
20170925101,91
20170925102,23
20170925103,27
20170925104,12
20170925111,111
20170925112,29
20170925113,28
20170925114,13
20170925121,113
20170925122,33
20170925123,28
20170925124,15
20170925131,102
20170925132,32
20170925133,26
20170925134,13
20170925141,110
20170925142,35
20170925143,31
20170925144,14
20170925151,110
20170925152,35
20170925153,27
20170925154,13
20170925161,108
20170925162,35
20170925163,26
20170925164,13
20170925171,111
20170925172,35
20170925173,26
20170925174,14
20170925181,115
20170925182,37
20170925183,26
20170925184,13
20170925191,118
20170925192,39
20170925193,26
20170925194,14
20170925201,109
20170925202,39
20170925203,26
20170925204,15
20170925211,100
20170925212,36
20170925213,24
20170925214,15
20170925221,92
20170925222,35
20170925223,24
20170925224,16
20170925231,88
20170925232,35
20170925233,22
20170925234,14
20170926001,80
20170926002,33
20170926003,21
20170926004,10
20170926011,68
20170926012,30
20170926013,14
20170926014,8
20170926021,57
20170926022,25
20170926023,10
20170926024,6
20170926031,49
20170926032,21
20170926033,9
20170926034,5
20170926041,41
20170926042,17
20170926043,7
20170926044,5
20170926051,39
20170926052,16
20170926053,7
20170926054,5
20170926061,44
20170926062,16
20170926063,8
20170926064,5
20170926071,50
20170926072,18
20170926073,10
20170926074,5
20170926081,59
20170926082,20
20170926083,13
20170926084,6
20170926091,72
20170926092,22
20170926093,17
20170926094,9
20170926101,94
20170926102,25
20170926103,23
20170926104,12
20170926111,111
20170926112,31
20170926113,26
20170926114,14
20170926121,113
20170926122,36
20170926123,26
20170926124,16
20170926131,103
20170926132,35
20170926133,25
20170926134,13
20170926141,112
20170926142,38
20170926143,30
20170926144,16
20170926151,110
20170926152,37
20170926153,26
20170926154,16
20170926161,106
20170926162,37
20170926163,24
20170926164,16
20170926171,109
20170926172,37
20170926173,25
20170926174,15
20170926181,114
20170926182,40
20170926183,25
20170926184,16
20170926191,119
20170926192,41
20170926193,24
20170926194,15
20170926201,108
20170926202,41
20170926203,24
20170926204,15
20170926211,101
20170926212,37
20170926213,23
20170926214,15
20170926221,93
20170926222,35
20170926223,24
20170926224,15
20170926231,86
20170926232,34
20170926233,22
20170926234,13
20170927001,80
20170927002,33
20170927003,21
20170927004,10
20170927011,67
20170927012,30
20170927013,14
20170927014,8
20170927021,56
20170927022,25
20170927023,10
20170927024,6
20170927031,48
20170927032,21
20170927033,8
20170927034,5
20170927041,41
20170927042,17
20170927043,7
20170927044,5
20170927051,39
20170927052,16
20170927053,7
20170927054,4
20170927061,44
20170927062,16
20170927063,7
20170927064,4
20170927071,49
20170927072,18
20170927073,9
20170927074,5
20170927081,57
20170927082,20
20170927083,11
20170927084,6
20170927091,70
20170927092,22
20170927093,15
20170927094,8
20170927101,92
20170927102,26
20170927103,21
20170927104,12
20170927111,109
20170927112,32
20170927113,25
20170927114,14
20170927121,111
20170927122,36
20170927123,26
20170927124,14
20170927131,99
20170927132,33
20170927133,24
20170927134,13
20170927141,110
20170927142,38
20170927143,29
20170927144,15
20170927151,109
20170927152,38
20170927153,27
20170927154,15
20170927161,106
20170927162,36
20170927163,25
20170927164,15
20170927171,109
20170927172,37
20170927173,25
20170927174,15
20170927181,114
20170927182,39
20170927183,25
20170927184,14
20170927191,117
20170927192,41
20170927193,24
20170927194,15
20170927201,107
20170927202,40
20170927203,23
20170927204,16
20170927211,101
20170927212,36
20170927213,22
20170927214,15
20170927221,93
20170927222,34
20170927223,23
20170927224,16
20170927231,88
20170927232,34
20170927233,21
20170927234,14
20170928001,81
20170928002,34
20170928003,21
20170928004,10
20170928011,68
20170928012,29
20170928013,14
20170928014,9
20170928021,56
20170928022,25
20170928023,10
20170928024,6
20170928031,48
20170928032,21
20170928033,8
20170928034,5
20170928041,41
20170928042,17
20170928043,7
20170928044,5
20170928051,39
20170928052,16
20170928053,7
20170928054,5
20170928061,43
20170928062,17
20170928063,7
20170928064,5
20170928071,48
20170928072,19
20170928073,9
20170928074,5
20170928081,56
20170928082,20
20170928083,11
20170928084,7
20170928091,72
20170928092,22
20170928093,15
20170928094,10
20170928101,97
20170928102,26
20170928103,21
20170928104,13
20170928111,112
20170928112,31
20170928113,24
20170928114,14
20170928121,112
20170928122,35
20170928123,25
20170928124,15
20170928131,103
20170928132,31
20170928133,24
20170928134,15
20170928141,110
20170928142,36
20170928143,28
20170928144,15
20170928151,109
20170928152,37
20170928153,26
20170928154,16
20170928161,106
20170928162,36
20170928163,24
20170928164,16
20170928171,109
20170928172,36
20170928173,24
20170928174,15
20170928181,113
20170928182,39
20170928183,25
20170928184,15
20170928191,117
20170928192,41
20170928193,23
20170928194,15
20170928201,107
20170928202,40
20170928203,23
20170928204,16
20170928211,100
20170928212,34
20170928213,23
20170928214,15
20170928221,92
20170928222,33
20170928223,24
20170928224,16
20170928231,87
20170928232,33
20170928233,22
20170928234,14
20170929001,78
20170929002,32
20170929003,21
20170929004,10
20170929011,66
20170929012,27
20170929013,14
20170929014,8
20170929021,58
20170929022,24
20170929023,11
20170929024,6
20170929031,48
20170929032,21
20170929033,9
20170929034,5
20170929041,41
20170929042,17
20170929043,7
20170929044,5
20170929051,38
20170929052,16
20170929053,7
20170929054,5
20170929061,43
20170929062,16
20170929063,7
20170929064,5
20170929071,48
20170929072,18
20170929073,9
20170929074,5
20170929081,57
20170929082,19
20170929083,11
20170929084,6
20170929091,72
20170929092,21
20170929093,15
20170929094,8
20170929101,90
20170929102,25
20170929103,20
20170929104,11
20170929111,104
20170929112,30
20170929113,24
20170929114,13
20170929121,102
20170929122,31
20170929123,24
20170929124,14
20170929131,93
20170929132,29
20170929133,24
20170929134,12
20170929141,101
20170929142,32
20170929143,27
20170929144,15
20170929151,100
20170929152,32
20170929153,26
20170929154,15
20170929161,94
20170929162,31
20170929163,24
20170929164,16
20170929171,95
20170929172,31
20170929173,24
20170929174,15
20170929181,99
20170929182,33
20170929183,27
20170929184,15
20170929191,101
20170929192,35
20170929193,25
20170929194,16
20170929201,95
20170929202,34
20170929203,24
20170929204,16
20170929211,90
20170929212,30
20170929213,25
20170929214,15
20170929221,84
20170929222,28
20170929223,25
20170929224,16
20170929231,80
20170929232,27
20170929233,22
20170929234,14
20170930001,69
20170930002,28
20170930003,22
20170930004,9
20170930011,59
20170930012,24
20170930013,14
20170930014,7
20170930021,50
20170930022,21
20170930023,11
20170930024,6
20170930031,41
20170930032,17
20170930033,8
20170930034,5
20170930041,35
20170930042,12
20170930043,7
20170930044,5
20170930051,31
20170930052,12
20170930053,7
20170930054,5
20170930061,33
20170930062,12
20170930063,7
20170930064,5
20170930071,36
20170930072,13
20170930073,9
20170930074,5
20170930081,42
20170930082,14
20170930083,11
20170930084,6
20170930091,48
20170930092,15
20170930093,14
20170930094,8
20170930101,61
20170930102,17
20170930103,18
20170930104,10
20170930111,68
20170930112,18
20170930113,23
20170930114,12
20170930121,68
20170930122,17
20170930123,23
20170930124,15
20170930131,62
20170930132,17
20170930133,23
20170930134,13
20170930141,62
20170930142,16
20170930143,26
20170930144,14
20170930151,60
20170930152,16
20170930153,25
20170930154,14
20170930161,58
20170930162,18
20170930163,24
20170930164,14
20170930171,59
20170930172,18
20170930173,24
20170930174,14
20170930181,64
20170930182,19
20170930183,29
20170930184,14
20170930191,69
20170930192,21
20170930193,29
20170930194,15
20170930201,70
20170930202,20
20170930203,30
20170930204,15
20170930211,68
20170930212,20
20170930213,31
20170930214,15
20170930221,66
20170930222,19
20170930223,30
20170930224,16
20170930231,64
20170930232,19
20170930233,32
20170930234,13
20171001001,59
20171001002,19
20171001003,29
20171001004,10
20171001011,50
20171001012,17
20171001013,19
20171001014,8
20171001021,43
20171001022,16
20171001023,15
20171001024,6
20171001031,37
20171001032,15
20171001033,12
20171001034,6
20171001041,32
20171001042,12
20171001043,9
20171001044,5
20171001051,29
20171001052,11
20171001053,9
20171001054,5
20171001061,30
20171001062,11
20171001063,9
20171001064,5
20171001071,33
20171001072,11
20171001073,11
20171001074,6
20171001081,38
20171001082,12
20171001083,13
20171001084,7
20171001091,43
20171001092,13
20171001093,16
20171001094,9
20171001101,51
20171001102,14
20171001103,21
20171001104,10
20171001111,59
20171001112,16
20171001113,29
20171001114,12
20171001121,63
20171001122,15
20171001123,31
20171001124,13
20171001131,59
20171001132,15
20171001133,31
20171001134,14
20171001141,59
20171001142,16
20171001143,35
20171001144,16
20171001151,59
20171001152,16
20171001153,32
20171001154,17
20171001161,57
20171001162,17
20171001163,34
20171001164,17
20171001171,58
20171001172,18
20171001173,48
20171001174,16
20171001181,63
20171001182,18
20171001183,49
20171001184,15
20171001191,73
20171001192,19
20171001193,46
20171001194,16
20171001201,74
20171001202,20
20171001203,44
20171001204,16
20171001211,72
20171001212,21
20171001213,42
20171001214,15
20171001221,70
20171001222,21
20171001223,37
20171001224,15
20171001231,67
20171001232,21
20171001233,34
20171001234,14
20171002001,62
20171002002,21
20171002003,31
20171002004,9
20171002011,54
20171002012,19
20171002013,20
20171002014,7
20171002021,47
20171002022,17
20171002023,16
20171002024,6
20171002031,42
20171002032,16
20171002033,13
20171002034,5
20171002041,35
20171002042,14
20171002043,11
20171002044,5
20171002051,34
20171002052,14
20171002053,10
20171002054,4
20171002061,38
20171002062,14
20171002063,11
20171002064,5
20171002071,44
20171002072,16
20171002073,14
20171002074,5
20171002081,51
20171002082,18
20171002083,17
20171002084,7
20171002091,63
20171002092,20
20171002093,23
20171002094,9
20171002101,85
20171002102,23
20171002103,31
20171002104,12
20171002111,106
20171002112,26
20171002113,35
20171002114,13
20171002121,109
20171002122,30
20171002123,34
20171002124,15
20171002131,98
20171002132,28
20171002133,30
20171002134,14
20171002141,103
20171002142,30
20171002143,35
20171002144,15
20171002151,103
20171002152,31
20171002153,31
20171002154,14
20171002161,101
20171002162,32
20171002163,29
20171002164,15
20171002171,104
20171002172,33
20171002173,32
20171002174,15
20171002181,107
20171002182,35
20171002183,32
20171002184,14
20171002191,111
20171002192,38
20171002193,28
20171002194,15
20171002201,105
20171002202,38
20171002203,33
20171002204,16
20171002211,98
20171002212,36
20171002213,29
20171002214,16
20171002221,92
20171002222,35
20171002223,28
20171002224,16
20171002231,87
20171002232,34
20171002233,28
20171002234,14
20171003001,81
20171003002,33
20171003003,24
20171003004,9
20171003011,70
20171003012,30
20171003013,18
20171003014,8
20171003021,58
20171003022,25
20171003023,15
20171003024,6
20171003031,50
20171003032,21
20171003033,11
20171003034,5
20171003041,43
20171003042,17
20171003043,9
20171003044,4
20171003051,40
20171003052,16
20171003053,9
20171003054,4
20171003061,45
20171003062,16
20171003063,10
20171003064,4
20171003071,51
20171003072,19
20171003073,12
20171003074,5
20171003081,59
20171003082,20
20171003083,14
20171003084,7
20171003091,73
20171003092,21
20171003093,19
20171003094,9
20171003101,93
20171003102,24
20171003103,27
20171003104,12
20171003111,108
20171003112,28
20171003113,31
20171003114,13
20171003121,110
20171003122,32
20171003123,30
20171003124,16
20171003131,102
20171003132,32
20171003133,29
20171003134,14
20171003141,111
20171003142,35
20171003143,34
20171003144,14
20171003151,110
20171003152,37
20171003153,33
20171003154,15
20171003161,108
20171003162,36
20171003163,30
20171003164,15
20171003171,111
20171003172,37
20171003173,30
20171003174,15
20171003181,113
20171003182,38
20171003183,33
20171003184,15
20171003191,118
20171003192,40
20171003193,30
20171003194,15
20171003201,110
20171003202,39
20171003203,30
20171003204,15
20171003211,102
20171003212,36
20171003213,28
20171003214,15
20171003221,95
20171003222,35
20171003223,27
20171003224,15
20171003231,90
20171003232,34
20171003233,26
20171003234,14
20171004001,82
20171004002,33
20171004003,24
20171004004,10
20171004011,70
20171004012,29
20171004013,18
20171004014,8
20171004021,58
20171004022,24
20171004023,15
20171004024,6
20171004031,50
20171004032,21
20171004033,12
20171004034,5
20171004041,43
20171004042,17
20171004043,10
20171004044,4
20171004051,40
20171004052,17
20171004053,9
20171004054,4
20171004061,45
20171004062,17
20171004063,9
20171004064,5
20171004071,50
20171004072,19
20171004073,12
20171004074,5
20171004081,58
20171004082,20
20171004083,15
20171004084,7
20171004091,69
20171004092,22
20171004093,19
20171004094,9
20171004101,88
20171004102,25
20171004103,26
20171004104,13
20171004111,109
20171004112,30
20171004113,31
20171004114,14
20171004121,111
20171004122,33
20171004123,32
20171004124,15
20171004131,101
20171004132,32
20171004133,29
20171004134,14
20171004141,111
20171004142,37
20171004143,36
20171004144,15
20171004151,111
20171004152,37
20171004153,33
20171004154,15
20171004161,108
20171004162,35
20171004163,29
20171004164,15
20171004171,110
20171004172,36
20171004173,30
20171004174,15
20171004181,116
20171004182,38
20171004183,32
20171004184,14
20171004191,118
20171004192,40
20171004193,29
20171004194,15
20171004201,109
20171004202,39
20171004203,29
20171004204,16
20171004211,101
20171004212,35
20171004213,27
20171004214,15
20171004221,95
20171004222,34
20171004223,26
20171004224,16
20171004231,89
20171004232,34
20171004233,24
20171004234,13
20171005001,82
20171005002,32
20171005003,23
20171005004,10
20171005011,71
20171005012,29
20171005013,18
20171005014,8
20171005021,59
20171005022,24
20171005023,14
20171005024,6
20171005031,50
20171005032,20
20171005033,11
20171005034,6
20171005041,43
20171005042,17
20171005043,9
20171005044,5
20171005051,40
20171005052,16
20171005053,8
20171005054,5
20171005061,44
20171005062,17
20171005063,8
20171005064,5
20171005071,50
20171005072,19
20171005073,10
20171005074,5
20171005081,58
20171005082,20
20171005083,13
20171005084,7
20171005091,73
20171005092,22
20171005093,18
20171005094,10
20171005101,96
20171005102,25
20171005103,26
20171005104,14
20171005111,110
20171005112,29
20171005113,30
20171005114,14
20171005121,112
20171005122,33
20171005123,30
20171005124,16
20171005131,103
20171005132,30
20171005133,28
20171005134,14
20171005141,112
20171005142,36
20171005143,33
20171005144,15
20171005151,110
20171005152,36
20171005153,30
20171005154,14
20171005161,107
20171005162,35
20171005163,28
20171005164,15
20171005171,110
20171005172,35
20171005173,27
20171005174,16
20171005181,116
20171005182,38
20171005183,29
20171005184,15
20171005191,118
20171005192,39
20171005193,26
20171005194,15
20171005201,108
20171005202,38
20171005203,25
20171005204,16
20171005211,101
20171005212,34
20171005213,24
20171005214,15
20171005221,94
20171005222,32
20171005223,25
20171005224,15
20171005231,88
20171005232,33
20171005233,23
20171005234,15
20171006001,80
20171006002,30
20171006003,21
20171006004,10
20171006011,68
20171006012,26
20171006013,16
20171006014,8
20171006021,59
20171006022,24
20171006023,13
20171006024,6
20171006031,50
20171006032,20
20171006033,10
20171006034,5
20171006041,43
20171006042,17
20171006043,9
20171006044,5
20171006051,40
20171006052,16
20171006053,8
20171006054,5
20171006061,44
20171006062,16
20171006063,8
20171006064,5
20171006071,50
20171006072,18
20171006073,10
20171006074,5
20171006081,58
20171006082,19
20171006083,13
20171006084,7
20171006091,69
20171006092,21
20171006093,17
20171006094,9
20171006101,87
20171006102,24
20171006103,23
20171006104,12
20171006111,103
20171006112,27
20171006113,27
20171006114,13
20171006121,102
20171006122,31
20171006123,29
20171006124,14
20171006131,93
20171006132,29
20171006133,27
20171006134,13
20171006141,101
20171006142,32
20171006143,30
20171006144,14
20171006151,99
20171006152,32
20171006153,28
20171006154,14
20171006161,95
20171006162,31
20171006163,26
20171006164,16
20171006171,97
20171006172,31
20171006173,25
20171006174,16
20171006181,101
20171006182,32
20171006183,26
20171006184,14
20171006191,102
20171006192,33
20171006193,25
20171006194,16
20171006201,97
20171006202,33
20171006203,23
20171006204,16
20171006211,91
20171006212,30
20171006213,23
20171006214,15
20171006221,86
20171006222,28
20171006223,24
20171006224,15
20171006231,81
20171006232,26
20171006233,23
20171006234,13
20171007001,71
20171007002,28
20171007003,21
20171007004,10
20171007011,60
20171007012,24
20171007013,15
20171007014,7
20171007021,50
20171007022,21
20171007023,12
20171007024,6
20171007031,42
20171007032,18
20171007033,10
20171007034,5
20171007041,36
20171007042,14
20171007043,8
20171007044,5
20171007051,31
20171007052,12
20171007053,7
20171007054,5
20171007061,33
20171007062,12
20171007063,8
20171007064,5
20171007071,36
20171007072,13
20171007073,9
20171007074,5
20171007081,41
20171007082,13
20171007083,12
20171007084,6
20171007091,46
20171007092,15
20171007093,15
20171007094,8
20171007101,55
20171007102,16
20171007103,20
20171007104,11
20171007111,62
20171007112,18
20171007113,26
20171007114,12
20171007121,64
20171007122,17
20171007123,28
20171007124,15
20171007131,58
20171007132,17
20171007133,27
20171007134,14
20171007141,59
20171007142,16
20171007143,29
20171007144,14
20171007151,58
20171007152,16
20171007153,29
20171007154,15
20171007161,56
20171007162,18
20171007163,36
20171007164,14
20171007171,57
20171007172,18
20171007173,46
20171007174,13
20171007181,61
20171007182,18
20171007183,49
20171007184,13
20171007191,66
20171007192,20
20171007193,49
20171007194,13
20171007201,68
20171007202,19
20171007203,46
20171007204,15
20171007211,66
20171007212,19
20171007213,40
20171007214,15
20171007221,63
20171007222,20
20171007223,35
20171007224,16
20171007231,62
20171007232,20
20171007233,31
20171007234,14
20171008001,57
20171008002,19
20171008003,30
20171008004,10
20171008011,48
20171008012,17
20171008013,20
20171008014,8
20171008021,42
20171008022,16
20171008023,15
20171008024,6
20171008031,36
20171008032,15
20171008033,12
20171008034,5
20171008041,31
20171008042,12
20171008043,9
20171008044,5
20171008051,28
20171008052,11
20171008053,8
20171008054,5
20171008061,30
20171008062,11
20171008063,9
20171008064,5
20171008071,34
20171008072,12
20171008073,11
20171008074,5
20171008081,38
20171008082,12
20171008083,13
20171008084,6
20171008091,44
20171008092,13
20171008093,16
20171008094,9
20171008101,51
20171008102,14
20171008103,22
20171008104,11
20171008111,58
20171008112,16
20171008113,27
20171008114,12
20171008121,61
20171008122,15
20171008123,27
20171008124,16
20171008131,56
20171008132,15
20171008133,27
20171008134,14
20171008141,57
20171008142,16
20171008143,28
20171008144,15
20171008151,57
20171008152,16
20171008153,27
20171008154,15
20171008161,55
20171008162,18
20171008163,28
20171008164,16
20171008171,56
20171008172,18
20171008173,30
20171008174,16
20171008181,63
20171008182,18
20171008183,33
20171008184,16
20171008191,71
20171008192,19
20171008193,32
20171008194,16
20171008201,73
20171008202,20
20171008203,32
20171008204,16
20171008211,71
20171008212,19
20171008213,35
20171008214,15
20171008221,68
20171008222,20
20171008223,29
20171008224,15
20171008231,66
20171008232,20
20171008233,28
20171008234,13
20171009001,62
20171009002,20
20171009003,22
20171009004,9
20171009011,54
20171009012,18
20171009013,16
20171009014,7
20171009021,48
20171009022,17
20171009023,14
20171009024,6
20171009031,42
20171009032,16
20171009033,10
20171009034,5
20171009041,37
20171009042,15
20171009043,9
20171009044,5
20171009051,35
20171009052,14
20171009053,9
20171009054,4
20171009061,40
20171009062,14
20171009063,9
20171009064,5
20171009071,46
20171009072,16
20171009073,12
20171009074,5
20171009081,53
20171009082,18
20171009083,14
20171009084,6
20171009091,65
20171009092,21
20171009093,18
20171009094,9
20171009101,91
20171009102,23
20171009103,27
20171009104,12
20171009111,113
20171009112,28
20171009113,31
20171009114,13
20171009121,113
20171009122,31
20171009123,32
20171009124,14
20171009131,101
20171009132,31
20171009133,33
20171009134,13
20171009141,110
20171009142,33
20171009143,35
20171009144,15
20171009151,110
20171009152,35
20171009153,31
20171009154,14
20171009161,107
20171009162,35
20171009163,29
20171009164,15
20171009171,109
20171009172,35
20171009173,34
20171009174,15
20171009181,115
20171009182,36
20171009183,36
20171009184,15
20171009191,117
20171009192,38
20171009193,37
20171009194,15
20171009201,109
20171009202,38
20171009203,34
20171009204,16
20171009211,99
20171009212,36
20171009213,29
20171009214,15
20171009221,92
20171009222,36
20171009223,27
20171009224,16
20171009231,88
20171009232,35
20171009233,26
20171009234,13
20171010001,82
20171010002,33
20171010003,22
20171010004,10
20171010011,70
20171010012,30
20171010013,16
20171010014,8
20171010021,60
20171010022,25
20171010023,14
20171010024,6
20171010031,51
20171010032,21
20171010033,12
20171010034,5
20171010041,44
20171010042,17
20171010043,10
20171010044,5
20171010051,41
20171010052,16
20171010053,10
20171010054,4
20171010061,46
20171010062,17
20171010063,11
20171010064,4
20171010071,52
20171010072,19
20171010073,14
20171010074,5
20171010081,60
20171010082,20
20171010083,16
20171010084,7
20171010091,73
20171010092,22
20171010093,22
20171010094,9
20171010101,95
20171010102,25
20171010103,28
20171010104,12
20171010111,110
20171010112,29
20171010113,31
20171010114,14
20171010121,112
20171010122,33
20171010123,31
20171010124,16
20171010131,103
20171010132,33
20171010133,31
20171010134,14
20171010141,113
20171010142,37
20171010143,36
20171010144,15
20171010151,112
20171010152,38
20171010153,33
20171010154,15
20171010161,108
20171010162,37
20171010163,31
20171010164,15
20171010171,111
20171010172,37
20171010173,31
20171010174,15
20171010181,114
20171010182,39
20171010183,33
20171010184,14
20171010191,118
20171010192,41
20171010193,30
20171010194,15
20171010201,109
20171010202,40
20171010203,27
20171010204,15
20171010211,102
20171010212,37
20171010213,26
20171010214,15
20171010221,95
20171010222,35
20171010223,26
20171010224,14
20171010231,91
20171010232,34
20171010233,25
20171010234,13
20171011001,83
20171011002,33
20171011003,21
20171011004,10
20171011011,71
20171011012,30
20171011013,16
20171011014,8
20171011021,59
20171011022,25
20171011023,13
20171011024,6
20171011031,51
20171011032,21
20171011033,11
20171011034,5
20171011041,44
20171011042,17
20171011043,10
20171011044,5
20171011051,41
20171011052,16
20171011053,9
20171011054,5
20171011061,45
20171011062,17
20171011063,10
20171011064,5
20171011071,52
20171011072,19
20171011073,13
20171011074,5
20171011081,59
20171011082,20
20171011083,16
20171011084,7
20171011091,69
20171011092,22
20171011093,20
20171011094,9
20171011101,90
20171011102,26
20171011103,27
20171011104,12
20171011111,108
20171011112,31
20171011113,29
20171011114,14
20171011121,110
20171011122,35
20171011123,29
20171011124,15
20171011131,100
20171011132,32
20171011133,28
20171011134,13
20171011141,110
20171011142,37
20171011143,34
20171011144,15
20171011151,110
20171011152,38
20171011153,32
20171011154,14
20171011161,106
20171011162,36
20171011163,29
20171011164,14
20171011171,109
20171011172,37
20171011173,27
20171011174,14
20171011181,112
20171011182,39
20171011183,27
20171011184,13
20171011191,115
20171011192,41
20171011193,25
20171011194,14
20171011201,108
20171011202,40
20171011203,25
20171011204,15
20171011211,102
20171011212,36
20171011213,24
20171011214,15
20171011221,96
20171011222,34
20171011223,24
20171011224,16
20171011231,91
20171011232,33
20171011233,23
20171011234,14
20171012001,82
20171012002,33
20171012003,20
20171012004,10
20171012011,69
20171012012,29
20171012013,16
20171012014,9
20171012021,59
20171012022,25
20171012023,13
20171012024,7
20171012031,51
20171012032,21
20171012033,11
20171012034,6
20171012041,44
20171012042,17
20171012043,9
20171012044,5
20171012051,41
20171012052,16
20171012053,9
20171012054,5
20171012061,45
20171012062,17
20171012063,10
20171012064,5
20171012071,52
20171012072,19
20171012073,13
20171012074,6
20171012081,59
20171012082,20
20171012083,15
20171012084,7
20171012091,73
20171012092,22
20171012093,19
20171012094,10
20171012101,96
20171012102,26
20171012103,26
20171012104,13
20171012111,109
20171012112,31
20171012113,28
20171012114,14
20171012121,111
20171012122,34
20171012123,28
20171012124,15
20171012131,102
20171012132,31
20171012133,27
20171012134,13
20171012141,111
20171012142,37
20171012143,30
20171012144,15
20171012151,109
20171012152,37
20171012153,27
20171012154,16
20171012161,106
20171012162,35
20171012163,26
20171012164,16
20171012171,109
20171012172,36
20171012173,26
20171012174,16
20171012181,113
20171012182,38
20171012183,28
20171012184,15
20171012191,117
20171012192,39
20171012193,26
20171012194,15
20171012201,108
20171012202,38
20171012203,25
20171012204,15
20171012211,101
20171012212,35
20171012213,25
20171012214,15
20171012221,94
20171012222,33
20171012223,26
20171012224,15
20171012231,89
20171012232,32
20171012233,25
20171012234,13
20171013001,80
20171013002,31
20171013003,22
20171013004,9
20171013011,67
20171013012,27
20171013013,16
20171013014,7
20171013021,57
20171013022,23
20171013023,13
20171013024,6
20171013031,49
20171013032,21
20171013033,10
20171013034,5
20171013041,42
20171013042,17
20171013043,9
20171013044,5
20171013051,39
20171013052,16
20171013053,9
20171013054,4
20171013061,43
20171013062,16
20171013063,9
20171013064,5
20171013071,49
20171013072,18
20171013073,12
20171013074,5
20171013081,58
20171013082,19
20171013083,15
20171013084,6
20171013091,68
20171013092,22
20171013093,19
20171013094,9
20171013101,87
20171013102,25
20171013103,25
20171013104,12
20171013111,103
20171013112,28
20171013113,27
20171013114,13
20171013121,102
20171013122,32
20171013123,27
20171013124,14
20171013131,93
20171013132,29
20171013133,25
20171013134,12
20171013141,101
20171013142,33
20171013143,31
20171013144,14
20171013151,100
20171013152,32
20171013153,28
20171013154,13
20171013161,94
20171013162,31
20171013163,26
20171013164,15
20171013171,95
20171013172,32
20171013173,25
20171013174,15
20171013181,102
20171013182,32
20171013183,30
20171013184,15
20171013191,102
20171013192,33
20171013193,28
20171013194,15
20171013201,97
20171013202,34
20171013203,26
20171013204,16
20171013211,91
20171013212,31
20171013213,25
20171013214,16
20171013221,86
20171013222,28
20171013223,26
20171013224,15
20171013231,80
20171013232,27
20171013233,24
20171013234,14
20171014001,70
20171014002,28
20171014003,21
20171014004,9
20171014011,58
20171014012,24
20171014013,15
20171014014,8
20171014021,49
20171014022,21
20171014023,12
20171014024,6
20171014031,41
20171014032,18
20171014033,9
20171014034,5
20171014041,35
20171014042,14
20171014043,8
20171014044,5
20171014051,31
20171014052,13
20171014053,8
20171014054,5
20171014061,32
20171014062,12
20171014063,8
20171014064,5
20171014071,35
20171014072,13
20171014073,10
20171014074,5
20171014081,40
20171014082,14
20171014083,13
20171014084,7
20171014091,46
20171014092,16
20171014093,15
20171014094,8
20171014101,54
20171014102,17
20171014103,19
20171014104,10
20171014111,62
20171014112,18
20171014113,21
20171014114,11
20171014121,62
20171014122,17
20171014123,24
20171014124,13
20171014131,57
20171014132,17
20171014133,23
20171014134,12
20171014141,57
20171014142,17
20171014143,26
20171014144,14
20171014151,56
20171014152,16
20171014153,24
20171014154,15
20171014161,56
20171014162,18
20171014163,23
20171014164,15
20171014171,57
20171014172,18
20171014173,25
20171014174,15
20171014181,61
20171014182,18
20171014183,30
20171014184,14
20171014191,66
20171014192,20
20171014193,29
20171014194,15
20171014201,68
20171014202,19
20171014203,28
20171014204,16
20171014211,65
20171014212,19
20171014213,26
20171014214,15
20171014221,63
20171014222,20
20171014223,26
20171014224,15
20171014231,61
20171014232,20
20171014233,23
20171014234,13
20171015001,57
20171015002,20
20171015003,23
20171015004,10
20171015011,48
20171015012,17
20171015013,17
20171015014,7
20171015021,41
20171015022,16
20171015023,13
20171015024,6
20171015031,35
20171015032,15
20171015033,10
20171015034,5
20171015041,31
20171015042,12
20171015043,8
20171015044,5
20171015051,28
20171015052,11
20171015053,7
20171015054,5
20171015061,30
20171015062,11
20171015063,8
20171015064,5
20171015071,33
20171015072,12
20171015073,10
20171015074,5
20171015081,37
20171015082,12
20171015083,11
20171015084,6
20171015091,43
20171015092,13
20171015093,15
20171015094,8
20171015101,51
20171015102,15
20171015103,19
20171015104,11
20171015111,58
20171015112,16
20171015113,23
20171015114,12
20171015121,61
20171015122,16
20171015123,26
20171015124,16
20171015131,56
20171015132,15
20171015133,24
20171015134,14
20171015141,57
20171015142,16
20171015143,27
20171015144,14
20171015151,56
20171015152,16
20171015153,26
20171015154,14
20171015161,55
20171015162,18
20171015163,25
20171015164,14
20171015171,56
20171015172,18
20171015173,25
20171015174,16
20171015181,62
20171015182,19
20171015183,28
20171015184,15
20171015191,68
20171015192,20
20171015193,30
20171015194,15
20171015201,71
20171015202,20
20171015203,31
20171015204,15
20171015211,70
20171015212,20
20171015213,32
20171015214,15
20171015221,67
20171015222,21
20171015223,29
20171015224,16
20171015231,64
20171015232,21
20171015233,27
20171015234,13
20171016001,60
20171016002,21
20171016003,25
20171016004,9
20171016011,52
20171016012,19
20171016013,15
20171016014,7
20171016021,47
20171016022,17
20171016023,12
20171016024,6
20171016031,42
20171016032,17
20171016033,9
20171016034,5
20171016041,37
20171016042,15
20171016043,8
20171016044,5
20171016051,36
20171016052,14
20171016053,8
20171016054,4
20171016061,41
20171016062,14
20171016063,9
20171016064,5
20171016071,48
20171016072,16
20171016073,11
20171016074,5
20171016081,55
20171016082,19
20171016083,14
20171016084,6
20171016091,67
20171016092,22
20171016093,18
20171016094,9
20171016101,90
20171016102,23
20171016103,26
20171016104,12
20171016111,111
20171016112,29
20171016113,30
20171016114,13
20171016121,114
20171016122,32
20171016123,30
20171016124,16
20171016131,102
20171016132,31
20171016133,28
20171016134,15
20171016141,110
20171016142,34
20171016143,32
20171016144,14
20171016151,110
20171016152,36
20171016153,30
20171016154,15
20171016161,106
20171016162,36
20171016163,28
20171016164,15
20171016171,109
20171016172,37
20171016173,27
20171016174,14
20171016181,113
20171016182,38
20171016183,31
20171016184,14
20171016191,117
20171016192,39
20171016193,30
20171016194,13
20171016201,109
20171016202,39
20171016203,30
20171016204,15
20171016211,100
20171016212,36
20171016213,28
20171016214,14
20171016221,93
20171016222,36
20171016223,28
20171016224,15
20171016231,89
20171016232,35
20171016233,26
20171016234,14
20171017001,82
20171017002,33
20171017003,25
20171017004,9
20171017011,71
20171017012,30
20171017013,17
20171017014,8
20171017021,60
20171017022,25
20171017023,14
20171017024,6
20171017031,51
20171017032,21
20171017033,11
20171017034,5
20171017041,44
20171017042,17
20171017043,10
20171017044,5
20171017051,41
20171017052,16
20171017053,9
20171017054,5
20171017061,45
20171017062,16
20171017063,10
20171017064,5
20171017071,52
20171017072,19
20171017073,12
20171017074,5
20171017081,60
20171017082,20
20171017083,14
20171017084,6
20171017091,73
20171017092,22
20171017093,18
20171017094,9
20171017101,96
20171017102,26
20171017103,25
20171017104,11
20171017111,109
20171017112,31
20171017113,33
20171017114,14
20171017121,111
20171017122,35
20171017123,34
20171017124,15
20171017131,102
20171017132,34
20171017133,33
20171017134,14
20171017141,111
20171017142,37
20171017143,38
20171017144,15
20171017151,109
20171017152,37
20171017153,36
20171017154,14
20171017161,106
20171017162,37
20171017163,33
20171017164,14
20171017171,110
20171017172,37
20171017173,32
20171017174,14
20171017181,113
20171017182,39
20171017183,34
20171017184,14
20171017191,116
20171017192,41
20171017193,32
20171017194,14
20171017201,109
20171017202,40
20171017203,34
20171017204,14
20171017211,102
20171017212,36
20171017213,32
20171017214,15
20171017221,95
20171017222,34
20171017223,32
20171017224,15
20171017231,91
20171017232,34
20171017233,31
20171017234,13
20171018001,83
20171018002,33
20171018003,33
20171018004,10
20171018011,70
20171018012,30
20171018013,24
20171018014,8
20171018021,59
20171018022,25
20171018023,19
20171018024,6
20171018031,52
20171018032,21
20171018033,17
20171018034,5
20171018041,44
20171018042,17
20171018043,16
20171018044,5
20171018051,41
20171018052,16
20171018053,18
20171018054,5
20171018061,45
20171018062,16
20171018063,20
20171018064,5
20171018071,52
20171018072,19
20171018073,24
20171018074,5
20171018081,59
20171018082,20
20171018083,29
20171018084,6
20171018091,69
20171018092,22
20171018093,33
20171018094,9
20171018101,90
20171018102,26
20171018103,39
20171018104,12
20171018111,108
20171018112,31
20171018113,42
20171018114,14
20171018121,109
20171018122,35
20171018123,43
20171018124,15
20171018131,100
20171018132,33
20171018133,42
20171018134,13
20171018141,110
20171018142,38
20171018143,45
20171018144,14
20171018151,109
20171018152,39
20171018153,42
20171018154,14
20171018161,106
20171018162,38
20171018163,38
20171018164,15
20171018171,109
20171018172,38
20171018173,36
20171018174,15
20171018181,114
20171018182,39
20171018183,38
20171018184,14
20171018191,116
20171018192,42
20171018193,36
20171018194,15
20171018201,108
20171018202,41
20171018203,37
20171018204,15
20171018211,102
20171018212,37
20171018213,37
20171018214,14
20171018221,95
20171018222,35
20171018223,36
20171018224,15
20171018231,91
20171018232,34
20171018233,35
20171018234,14
20171019001,83
20171019002,34
20171019003,50
20171019004,10
20171019011,70
20171019012,30
20171019013,26
20171019014,8
20171019021,58
20171019022,25
20171019023,19
20171019024,6
20171019031,51
20171019032,21
20171019033,14
20171019034,5
20171019041,43
20171019042,17
20171019043,12
20171019044,5
20171019051,40
20171019052,16
20171019053,11
20171019054,5
20171019061,44
20171019062,16
20171019063,12
20171019064,5
20171019071,50
20171019072,18
20171019073,16
20171019074,5
20171019081,58
20171019082,20
20171019083,22
20171019084,7
20171019091,72
20171019092,22
20171019093,30
20171019094,9
20171019101,94
20171019102,26
20171019103,39
20171019104,12
20171019111,108
20171019112,31
20171019113,42
20171019114,14
20171019121,109
20171019122,35
20171019123,42
20171019124,16
20171019131,101
20171019132,31
20171019133,41
20171019134,15
20171019141,108
20171019142,38
20171019143,45
20171019144,15
20171019151,108
20171019152,38
20171019153,39
20171019154,15
20171019161,106
20171019162,37
20171019163,37
20171019164,15
20171019171,109
20171019172,37
20171019173,37
20171019174,15
20171019181,114
20171019182,39
20171019183,37
20171019184,15
20171019191,117
20171019192,42
20171019193,35
20171019194,15
20171019201,108
20171019202,41
20171019203,35
20171019204,15
20171019211,101
20171019212,36
20171019213,33
20171019214,15
20171019221,95
20171019222,33
20171019223,32
20171019224,16
20171019231,90
20171019232,34
20171019233,30
20171019234,13
20171020001,80
20171020002,32
20171020003,30
20171020004,9
20171020011,67
20171020012,29
20171020013,20
20171020014,7
20171020021,56
20171020022,24
20171020023,16
20171020024,6
20171020031,49
20171020032,21
20171020033,13
20171020034,5
20171020041,42
20171020042,17
20171020043,10
20171020044,5
20171020051,38
20171020052,16
20171020053,10
20171020054,5
20171020061,42
20171020062,16
20171020063,12
20171020064,5
20171020071,48
20171020072,18
20171020073,15
20171020074,5
20171020081,56
20171020082,20
20171020083,19
20171020084,6
20171020091,66
20171020092,22
20171020093,26
20171020094,8
20171020101,84
20171020102,26
20171020103,35
20171020104,12
20171020111,98
20171020112,30
20171020113,39
20171020114,13
20171020121,99
20171020122,32
20171020123,39
20171020124,13
20171020131,89
20171020132,31
20171020133,36
20171020134,13
20171020141,97
20171020142,34
20171020143,39
20171020144,14
20171020151,97
20171020152,34
20171020153,34
20171020154,14
20171020161,92
20171020162,32
20171020163,31
20171020164,14
20171020171,95
20171020172,33
20171020173,29
20171020174,16
20171020181,100
20171020182,34
20171020183,29
20171020184,14
20171020191,101
20171020192,36
20171020193,28
20171020194,16
20171020201,94
20171020202,35
20171020203,27
20171020204,16
20171020211,88
20171020212,31
20171020213,26
20171020214,15
20171020221,84
20171020222,28
20171020223,26
20171020224,15
20171020231,79
20171020232,27
20171020233,25
20171020234,14
20171021001,69
20171021002,28
20171021003,24
20171021004,10
20171021011,57
20171021012,25
20171021013,17
20171021014,8
20171021021,49
20171021022,21
20171021023,13
20171021024,6
20171021031,41
20171021032,17
20171021033,11
20171021034,5
20171021041,35
20171021042,14
20171021043,9
20171021044,5
20171021051,30
20171021052,12
20171021053,8
20171021054,5
20171021061,32
20171021062,12
20171021063,9
20171021064,5
20171021071,35
20171021072,12
20171021073,12
20171021074,5
20171021081,40
20171021082,13
20171021083,14
20171021084,6
20171021091,46
20171021092,16
20171021093,18
20171021094,9
20171021101,55
20171021102,18
20171021103,23
20171021104,11
20171021111,62
20171021112,18
20171021113,29
20171021114,13
20171021121,63
20171021122,17
20171021123,27
20171021124,15
20171021131,57
20171021132,17
20171021133,25
20171021134,14
20171021141,58
20171021142,17
20171021143,30
20171021144,14
20171021151,57
20171021152,17
20171021153,30
20171021154,14
20171021161,56
20171021162,18
20171021163,33
20171021164,14
20171021171,57
20171021172,18
20171021173,41
20171021174,13
20171021181,61
20171021182,19
20171021183,47
20171021184,14
20171021191,66
20171021192,20
20171021193,48
20171021194,14
20171021201,67
20171021202,20
20171021203,48
20171021204,15
20171021211,64
20171021212,20
20171021213,40
20171021214,15
20171021221,62
20171021222,20
20171021223,32
20171021224,16
20171021231,60
20171021232,20
20171021233,29
20171021234,15
20171022001,56
20171022002,20
20171022003,28
20171022004,10
20171022011,48
20171022012,17
20171022013,18
20171022014,8
20171022021,41
20171022022,16
20171022023,13
20171022024,6
20171022031,36
20171022032,15
20171022033,10
20171022034,5
20171022041,31
20171022042,12
20171022043,9
20171022044,5
20171022051,28
20171022052,11
20171022053,8
20171022054,5
20171022061,30
20171022062,11
20171022063,9
20171022064,5
20171022071,33
20171022072,11
20171022073,11
20171022074,5
20171022081,37
20171022082,12
20171022083,14
20171022084,6
20171022091,43
20171022092,14
20171022093,16
20171022094,8
20171022101,51
20171022102,14
20171022103,21
20171022104,11
20171022111,58
20171022112,16
20171022113,25
20171022114,13
20171022121,62
20171022122,16
20171022123,27
20171022124,16
20171022131,57
20171022132,15
20171022133,26
20171022134,15
20171022141,56
20171022142,16
20171022143,27
20171022144,15
20171022151,56
20171022152,16
20171022153,26
20171022154,16
20171022161,54
20171022162,18
20171022163,25
20171022164,15
20171022171,56
20171022172,18
20171022173,28
20171022174,16
20171022181,62
20171022182,19
20171022183,29
20171022184,15
20171022191,67
20171022192,20
20171022193,30
20171022194,15
20171022201,68
20171022202,20
20171022203,30
20171022204,16
20171022211,66
20171022212,20
20171022213,30
20171022214,16
20171022221,64
20171022222,21
20171022223,29
20171022224,15
20171022231,63
20171022232,21
20171022233,27
20171022234,14
20171023001,59
20171023002,20
20171023003,23
20171023004,9
20171023011,52
20171023012,18
20171023013,14
20171023014,7
20171023021,46
20171023022,17
20171023023,11
20171023024,6
20171023031,41
20171023032,16
20171023033,8
20171023034,5
20171023041,37
20171023042,15
20171023043,7
20171023044,5
20171023051,36
20171023052,14
20171023053,7
20171023054,4
20171023061,41
20171023062,14
20171023063,8
20171023064,5
20171023071,49
20171023072,16
20171023073,10
20171023074,5
20171023081,55
20171023082,19
20171023083,13
20171023084,6
20171023091,66
20171023092,21
20171023093,17
20171023094,9
20171023101,88
20171023102,23
20171023103,24
20171023104,12
20171023111,110
20171023112,29
20171023113,27
20171023114,13
20171023121,113
20171023122,33
20171023123,27
20171023124,15
20171023131,102
20171023132,32
20171023133,25
20171023134,13
20171023141,110
20171023142,35
20171023143,30
20171023144,14
20171023151,110
20171023152,36
20171023153,27
20171023154,13
20171023161,109
20171023162,35
20171023163,24
20171023164,14
20171023171,110
20171023172,35
20171023173,24
20171023174,14
20171023181,115
20171023182,37
20171023183,25
20171023184,14
20171023191,119
20171023192,39
20171023193,22
20171023194,14
20171023201,109
20171023202,40
20171023203,22
20171023204,15
20171023211,100
20171023212,37
20171023213,22
20171023214,14
20171023221,92
20171023222,36
20171023223,23
20171023224,16
20171023231,89
20171023232,35
20171023233,21
20171023234,14
20171024001,82
20171024002,34
20171024003,20
20171024004,10
20171024011,71
20171024012,30
20171024013,13
20171024014,8
20171024021,60
20171024022,26
20171024023,10
20171024024,6
20171024031,51
20171024032,21
20171024033,8
20171024034,6
20171024041,44
20171024042,17
20171024043,7
20171024044,5
20171024051,41
20171024052,16
20171024053,7
20171024054,5
20171024061,46
20171024062,16
20171024063,7
20171024064,5
20171024071,52
20171024072,18
20171024073,9
20171024074,5
20171024081,60
20171024082,20
20171024083,12
20171024084,6
20171024091,73
20171024092,22
20171024093,15
20171024094,9
20171024101,95
20171024102,26
20171024103,21
20171024104,12
20171024111,110
20171024112,31
20171024113,24
20171024114,14
20171024121,113
20171024122,36
20171024123,25
20171024124,16
20171024131,103
20171024132,36
20171024133,24
20171024134,14
20171024141,113
20171024142,37
20171024143,29
20171024144,15
20171024151,111
20171024152,38
20171024153,26
20171024154,16
20171024161,108
20171024162,37
20171024163,25
20171024164,15
20171024171,110
20171024172,37
20171024173,24
20171024174,15
20171024181,114
20171024182,40
20171024183,24
20171024184,15
20171024191,119
20171024192,41
20171024193,24
20171024194,15
20171024201,109
20171024202,41
20171024203,25
20171024204,15
20171024211,102
20171024212,37
20171024213,22
20171024214,15
20171024221,96
20171024222,35
20171024223,22
20171024224,15
20171024231,92
20171024232,34
20171024233,21
20171024234,14
20171025001,83
20171025002,33
20171025003,19
20171025004,10
20171025011,71
20171025012,30
20171025013,14
20171025014,8
20171025021,59
20171025022,24
20171025023,10
20171025024,6
20171025031,52
20171025032,21
20171025033,8
20171025034,5
20171025041,44
20171025042,18
20171025043,7
20171025044,5
20171025051,41
20171025052,16
20171025053,6
20171025054,5
20171025061,45
20171025062,16
20171025063,6
20171025064,5
20171025071,51
20171025072,18
20171025073,8
20171025074,5
20171025081,59
20171025082,20
20171025083,10
20171025084,6
20171025091,68
20171025092,22
20171025093,14
20171025094,8
20171025101,89
20171025102,26
20171025103,19
20171025104,12
20171025111,108
20171025112,31
20171025113,23
20171025114,14
20171025121,110
20171025122,34
20171025123,23
20171025124,14
20171025131,100
20171025132,33
20171025133,22
20171025134,13
20171025141,110
20171025142,37
20171025143,27
20171025144,15
20171025151,109
20171025152,37
20171025153,24
20171025154,14
20171025161,106
20171025162,36
20171025163,22
20171025164,15
20171025171,109
20171025172,38
20171025173,21
20171025174,15
20171025181,113
20171025182,39
20171025183,21
20171025184,14
20171025191,115
20171025192,41
20171025193,21
20171025194,15
20171025201,109
20171025202,40
20171025203,20
20171025204,15
20171025211,102
20171025212,36
20171025213,19
20171025214,15
20171025221,97
20171025222,34
20171025223,19
20171025224,16
20171025231,92
20171025232,33
20171025233,17
20171025234,14
20171026001,84
20171026002,33
20171026003,17
20171026004,10
20171026011,70
20171026012,29
20171026013,13
20171026014,9
20171026021,59
20171026022,25
20171026023,10
20171026024,6
20171026031,51
20171026032,21
20171026033,8
20171026034,6
20171026041,44
20171026042,17
20171026043,7
20171026044,5
20171026051,40
20171026052,16
20171026053,6
20171026054,5
20171026061,45
20171026062,17
20171026063,6
20171026064,5
20171026071,50
20171026072,19
20171026073,8
20171026074,5
20171026081,58
20171026082,20
20171026083,10
20171026084,7
20171026091,72
20171026092,21
20171026093,13
20171026094,10
20171026101,95
20171026102,26
20171026103,18
20171026104,13
20171026111,109
20171026112,31
20171026113,21
20171026114,14
20171026121,112
20171026122,34
20171026123,21
20171026124,15
20171026131,102
20171026132,30
20171026133,21
20171026134,14
20171026141,111
20171026142,36
20171026143,26
20171026144,15
20171026151,109
20171026152,37
20171026153,27
20171026154,15
20171026161,107
20171026162,35
20171026163,24
20171026164,15
20171026171,109
20171026172,36
20171026173,24
20171026174,15
20171026181,114
20171026182,38
20171026183,27
20171026184,15
20171026191,116
20171026192,40
20171026193,26
20171026194,15
20171026201,108
20171026202,39
20171026203,23
20171026204,16
20171026211,101
20171026212,33
20171026213,23
20171026214,15
20171026221,96
20171026222,32
20171026223,22
20171026224,16
20171026231,91
20171026232,32
20171026233,22
20171026234,14
20171027001,83
20171027002,31
20171027003,21
20171027004,10
20171027011,69
20171027012,27
20171027013,14
20171027014,7
20171027021,57
20171027022,24
20171027023,11
20171027024,6
20171027031,49
20171027032,21
20171027033,8
20171027034,5
20171027041,42
20171027042,17
20171027043,7
20171027044,5
20171027051,39
20171027052,16
20171027053,7
20171027054,5
20171027061,42
20171027062,16
20171027063,7
20171027064,5
20171027071,47
20171027072,18
20171027073,9
20171027074,5
20171027081,56
20171027082,19
20171027083,11
20171027084,6
20171027091,67
20171027092,21
20171027093,13
20171027094,8
20171027101,84
20171027102,25
20171027103,18
20171027104,11
20171027111,99
20171027112,28
20171027113,23
20171027114,12
20171027121,100
20171027122,31
20171027123,25
20171027124,14
20171027131,90
20171027132,29
20171027133,26
20171027134,13
20171027141,97
20171027142,33
20171027143,31
20171027144,13
20171027151,96
20171027152,32
20171027153,30
20171027154,13
20171027161,92
20171027162,31
20171027163,29
20171027164,14
20171027171,95
20171027172,31
20171027173,30
20171027174,16
20171027181,99
20171027182,33
20171027183,33
20171027184,15
20171027191,100
20171027192,34
20171027193,32
20171027194,16
20171027201,95
20171027202,34
20171027203,32
20171027204,16
20171027211,88
20171027212,30
20171027213,32
20171027214,16
20171027221,84
20171027222,28
20171027223,30
20171027224,16
20171027231,80
20171027232,27
20171027233,29
20171027234,14
20171028001,70
20171028002,28
20171028003,29
20171028004,10
20171028011,58
20171028012,24
20171028013,21
20171028014,7
20171028021,50
20171028022,21
20171028023,13
20171028024,6
20171028031,41
20171028032,17
20171028033,11
20171028034,5
20171028041,35
20171028042,13
20171028043,9
20171028044,5
20171028051,31
20171028052,12
20171028053,9
20171028054,5
20171028061,32
20171028062,12
20171028063,9
20171028064,5
20171028071,35
20171028072,13
20171028073,11
20171028074,5
20171028081,40
20171028082,14
20171028083,13
20171028084,6
20171028091,46
20171028092,15
20171028093,16
20171028094,9
20171028101,54
20171028102,16
20171028103,22
20171028104,11
20171028111,62
20171028112,17
20171028113,25
20171028114,12
20171028121,63
20171028122,16
20171028123,26
20171028124,13
20171028131,57
20171028132,16
20171028133,27
20171028134,12
20171028141,58
20171028142,16
20171028143,29
20171028144,14
20171028151,57
20171028152,16
20171028153,28
20171028154,15
20171028161,56
20171028162,17
20171028163,29
20171028164,15
20171028171,56
20171028172,17
20171028173,31
20171028174,15
20171028181,60
20171028182,18
20171028183,36
20171028184,15
20171028191,66
20171028192,20
20171028193,42
20171028194,14
20171028201,67
20171028202,20
20171028203,51
20171028204,15
20171028211,64
20171028212,19
20171028213,48
20171028214,14
20171028221,61
20171028222,20
20171028223,37
20171028224,15
20171028231,59
20171028232,20
20171028233,33
20171028234,13
20171029001,55
20171029002,20
20171029003,26
20171029004,10
20171029011,47
20171029012,18
20171029013,16
20171029014,7
20171029021,39
20171029022,16
20171029023,13
20171029024,6
20171029031,35
20171029032,14
20171029033,11
20171029034,5
20171029041,30
20171029042,11
20171029043,9
20171029044,5
20171029051,27
20171029052,11
20171029053,8
20171029054,5
20171029061,29
20171029062,11
20171029063,9
20171029064,5
20171029071,32
20171029072,12
20171029073,12
20171029074,5
20171029081,36
20171029082,12
20171029083,13
20171029084,6
20171029091,42
20171029092,13
20171029093,16
20171029094,8
20171029101,49
20171029102,14
20171029103,22
20171029104,10
20171029111,56
20171029112,15
20171029113,27
20171029114,12
20171029121,60
20171029122,15
20171029123,28
20171029124,16
20171029131,55
20171029132,14
20171029133,28
20171029134,14
20171029141,55
20171029142,15
20171029143,31
20171029144,15
20171029151,55
20171029152,15
20171029153,31
20171029154,14
20171029161,53
20171029162,17
20171029163,30
20171029164,14
20171029171,55
20171029172,17
20171029173,30
20171029174,15
20171029181,61
20171029182,18
20171029183,32
20171029184,16
20171029191,66
20171029192,19
20171029193,34
20171029194,16
20171029201,65
20171029202,19
20171029203,42
20171029204,16
20171029211,64
20171029212,19
20171029213,39
20171029214,16
20171029221,63
20171029222,20
20171029223,33
20171029224,16
20171029231,61
20171029232,21
20171029233,32
20171029234,14
20171030001,57
20171030002,20
20171030003,26
20171030004,9
20171030011,51
20171030012,19
20171030013,16
20171030014,7
20171030021,44
20171030022,17
20171030023,13
20171030024,6
20171030031,40
20171030032,16
20171030033,10
20171030034,6
20171030041,36
20171030042,14
20171030043,9
20171030044,5
20171030051,35
20171030052,13
20171030053,8
20171030054,5
20171030061,40
20171030062,14
20171030063,8
20171030064,5
20171030071,47
20171030072,16
20171030073,11
20171030074,5
20171030081,54
20171030082,18
20171030083,13
20171030084,6
20171030091,66
20171030092,20
20171030093,17
20171030094,9
20171030101,90
20171030102,22
20171030103,25
20171030104,12
20171030111,110
20171030112,26
20171030113,31
20171030114,13
20171030121,111
20171030122,30
20171030123,31
20171030124,15
20171030131,101
20171030132,30
20171030133,29
20171030134,14
20171030141,110
20171030142,32
20171030143,33
20171030144,14
20171030151,110
20171030152,33
20171030153,31
20171030154,15
20171030161,107
20171030162,34
20171030163,30
20171030164,15
20171030171,109
20171030172,34
20171030173,28
20171030174,15
20171030181,112
20171030182,36
20171030183,28
20171030184,14
20171030191,115
20171030192,38
20171030193,28
20171030194,14
20171030201,106
20171030202,38
20171030203,29
20171030204,15
20171030211,95
20171030212,35
20171030213,26
20171030214,14
20171030221,84
20171030222,34
20171030223,25
20171030224,15
20171030231,82
20171030232,33
20171030233,24
20171030234,14
20171031001,77
20171031002,32
20171031003,21
20171031004,9
20171031011,66
20171031012,29
20171031013,14
20171031014,7
20171031021,58
20171031022,25
20171031023,11
20171031024,6
20171031031,50
20171031032,21
20171031033,9
20171031034,5
20171031041,42
20171031042,16
20171031043,8
20171031044,5
20171031051,40
20171031052,15
20171031053,8
20171031054,4
20171031061,44
20171031062,16
20171031063,8
20171031064,5
20171031071,49
20171031072,19
20171031073,10
20171031074,5
20171031081,56
20171031082,20
20171031083,13
20171031084,6
20171031091,72
20171031092,21
20171031093,17
20171031094,9
20171031101,94
20171031102,25
20171031103,24
20171031104,12
20171031111,108
20171031112,29
20171031113,27
20171031114,13
20171031121,111
20171031122,33
20171031123,28
20171031124,16
20171031131,102
20171031132,33
20171031133,27
20171031134,14
20171031141,111
20171031142,37
20171031143,33
20171031144,15
20171031151,109
20171031152,37
20171031153,32
20171031154,15
20171031161,106
20171031162,36
20171031163,30
20171031164,15
20171031171,109
20171031172,36
20171031173,29
20171031174,15
20171031181,111
20171031182,38
20171031183,29
20171031184,15
20171031191,114
20171031192,40
20171031193,27
20171031194,15
20171031201,105
20171031202,40
20171031203,26
20171031204,15
20171031211,98
20171031212,36
20171031213,25
20171031214,15
20171031221,88
20171031222,34
20171031223,25
20171031224,15
20171031231,84
20171031232,32
20171031233,24
20171031234,13
